model,token,n_window,format,source_tag,n_agents,majority_pct,num_simulations,correct_rate_percent,convergence_rate_percent,wrong_consensus_rate_percent,no_convergence_rate_percent,mean_rounds_when_correct
Gemma 27B,01,7,com_cot,A100,30,51,50,0.0,0.0,0.0,100.0,
Gemma 27B,01,7,com_cot,A100,60,51,50,0.0,0.0,0.0,100.0,
Gemma 27B,01,7,com_cot,A100,90,51,50,0.0,0.0,0.0,100.0,
Gemma 27B,01,7,com_cot,A100,120,51,50,0.0,0.0,0.0,100.0,
Gemma 27B,01,7,com_cot,A100,30,55,50,4.0,4.0,0.0,96.0,2.0
Gemma 27B,01,7,com_cot,A100,60,55,50,0.0,0.0,0.0,100.0,
Gemma 27B,01,7,com_cot,A100,90,55,50,0.0,0.0,0.0,100.0,
Gemma 27B,01,7,com_cot,A100,120,55,50,0.0,0.0,0.0,100.0,
Gemma 27B,01,7,com_cot,A100,30,60,50,10.0,10.0,0.0,90.0,2.4
Gemma 27B,01,7,com_cot,A100,60,60,50,0.0,0.0,0.0,100.0,
Gemma 27B,01,7,com_cot,A100,90,60,50,0.0,0.0,0.0,100.0,
Gemma 27B,01,7,com_cot,A100,120,60,50,0.0,0.0,0.0,100.0,
Gemma 27B,01,7,com_cot,A100,30,65,50,34.0,34.0,0.0,66.0,2.1176470588235294
Gemma 27B,01,7,com_cot,A100,60,65,50,16.0,16.0,0.0,84.0,2.625
Gemma 27B,01,7,com_cot,A100,90,65,50,4.0,4.0,0.0,96.0,2.5
Gemma 27B,01,7,com_cot,A100,120,65,50,0.0,0.0,0.0,100.0,
Gemma 27B,01,7,com_cot,A100,30,70,50,56.00000000000001,56.00000000000001,0.0,44.0,1.75
Gemma 27B,01,7,com_cot,A100,60,70,50,38.0,38.0,0.0,62.0,2.473684210526316
Gemma 27B,01,7,com_cot,A100,90,70,50,20.0,20.0,0.0,80.0,2.7
Gemma 27B,01,7,com_cot,A100,120,70,50,0.0,0.0,0.0,100.0,
Gemma 27B,01,7,only_token,A100,30,51,50,0.0,0.0,0.0,100.0,
Gemma 27B,01,7,only_token,A100,60,51,50,0.0,0.0,0.0,100.0,
Gemma 27B,01,7,only_token,A100,90,51,50,0.0,0.0,0.0,100.0,
Gemma 27B,01,7,only_token,A100,120,51,50,0.0,0.0,0.0,100.0,
Gemma 27B,01,7,only_token,A100,30,55,50,0.0,0.0,0.0,100.0,
Gemma 27B,01,7,only_token,A100,60,55,50,0.0,0.0,0.0,100.0,
Gemma 27B,01,7,only_token,A100,90,55,50,0.0,0.0,0.0,100.0,
Gemma 27B,01,7,only_token,A100,120,55,50,0.0,0.0,0.0,100.0,
Gemma 27B,01,7,only_token,A100,30,60,50,2.0,2.0,0.0,98.0,3.0
Gemma 27B,01,7,only_token,A100,60,60,50,0.0,0.0,0.0,100.0,
Gemma 27B,01,7,only_token,A100,90,60,50,0.0,0.0,0.0,100.0,
Gemma 27B,01,7,only_token,A100,120,60,50,0.0,0.0,0.0,100.0,
Gemma 27B,01,7,only_token,A100,30,65,50,14.000000000000002,14.000000000000002,0.0,86.0,2.5714285714285716
Gemma 27B,01,7,only_token,A100,60,65,50,0.0,0.0,0.0,100.0,
Gemma 27B,01,7,only_token,A100,90,65,50,0.0,0.0,0.0,100.0,
Gemma 27B,01,7,only_token,A100,120,65,50,0.0,0.0,0.0,100.0,
Gemma 27B,01,7,only_token,A100,30,70,50,30.0,30.0,0.0,70.0,2.3333333333333335
Gemma 27B,01,7,only_token,A100,60,70,50,2.0,2.0,0.0,98.0,2.0
Gemma 27B,01,7,only_token,A100,90,70,50,0.0,0.0,0.0,100.0,
Gemma 27B,01,7,only_token,A100,120,70,50,0.0,0.0,0.0,100.0,
Gemma 27B,01,9,com_cot,A100,30,51,50,2.0,2.0,0.0,98.0,3.0
Gemma 27B,01,9,com_cot,A100,60,51,50,0.0,0.0,0.0,100.0,
Gemma 27B,01,9,com_cot,A100,90,51,50,0.0,0.0,0.0,100.0,
Gemma 27B,01,9,com_cot,A100,120,51,50,0.0,0.0,0.0,100.0,
Gemma 27B,01,9,com_cot,A100,30,55,50,4.0,4.0,0.0,96.0,2.0
Gemma 27B,01,9,com_cot,A100,60,55,50,0.0,0.0,0.0,100.0,
Gemma 27B,01,9,com_cot,A100,90,55,50,0.0,0.0,0.0,100.0,
Gemma 27B,01,9,com_cot,A100,120,55,50,0.0,0.0,0.0,100.0,
Gemma 27B,01,9,com_cot,A100,30,60,50,20.0,20.0,0.0,80.0,2.5
Gemma 27B,01,9,com_cot,A100,60,60,50,2.0,2.0,0.0,98.0,2.0
Gemma 27B,01,9,com_cot,A100,90,60,50,2.0,2.0,0.0,98.0,3.0
Gemma 27B,01,9,com_cot,A100,120,60,50,0.0,0.0,0.0,100.0,
Gemma 27B,01,9,com_cot,A100,30,65,50,57.99999999999999,57.99999999999999,0.0,42.0,2.0689655172413794
Gemma 27B,01,9,com_cot,A100,60,65,50,24.0,24.0,0.0,76.0,2.3333333333333335
Gemma 27B,01,9,com_cot,A100,90,65,50,10.0,10.0,0.0,90.0,2.2
Gemma 27B,01,9,com_cot,A100,120,65,50,2.0,2.0,0.0,98.0,3.0
Gemma 27B,01,9,com_cot,A100,30,70,50,78.0,78.0,0.0,22.0,1.7435897435897436
Gemma 27B,01,9,com_cot,A100,60,70,50,50.0,50.0,0.0,50.0,2.08
Gemma 27B,01,9,com_cot,A100,90,70,50,32.0,32.0,0.0,68.0,2.4375
Gemma 27B,01,9,com_cot,A100,120,70,50,22.0,22.0,0.0,78.0,2.6363636363636362
Gemma 27B,01,9,only_token,A100,30,51,50,2.0,2.0,0.0,98.0,7.0
Gemma 27B,01,9,only_token,A100,60,51,50,0.0,0.0,0.0,100.0,
Gemma 27B,01,9,only_token,A100,90,51,50,0.0,0.0,0.0,100.0,
Gemma 27B,01,9,only_token,A100,120,51,50,0.0,0.0,0.0,100.0,
Gemma 27B,01,9,only_token,A100,30,55,50,2.0,2.0,0.0,98.0,5.0
Gemma 27B,01,9,only_token,A100,60,55,50,0.0,0.0,0.0,100.0,
Gemma 27B,01,9,only_token,A100,90,55,50,0.0,0.0,0.0,100.0,
Gemma 27B,01,9,only_token,A100,120,55,50,0.0,0.0,0.0,100.0,
Gemma 27B,01,9,only_token,A100,30,60,50,10.0,10.0,0.0,90.0,4.0
Gemma 27B,01,9,only_token,A100,60,60,50,0.0,0.0,0.0,100.0,
Gemma 27B,01,9,only_token,A100,90,60,50,0.0,0.0,0.0,100.0,
Gemma 27B,01,9,only_token,A100,120,60,50,0.0,0.0,0.0,100.0,
Gemma 27B,01,9,only_token,A100,30,65,50,32.0,32.0,0.0,68.0,2.625
Gemma 27B,01,9,only_token,A100,60,65,50,6.0,6.0,0.0,94.0,3.3333333333333335
Gemma 27B,01,9,only_token,A100,90,65,50,4.0,4.0,0.0,96.0,3.0
Gemma 27B,01,9,only_token,A100,120,65,50,0.0,0.0,0.0,100.0,
Gemma 27B,01,9,only_token,A100,30,70,50,50.0,50.0,0.0,50.0,2.24
Gemma 27B,01,9,only_token,A100,60,70,50,22.0,22.0,0.0,78.0,3.727272727272727
Gemma 27B,01,9,only_token,A100,90,70,50,14.000000000000002,14.000000000000002,0.0,86.0,3.4285714285714284
Gemma 27B,01,9,only_token,A100,120,70,50,2.0,2.0,0.0,98.0,6.0
Gemma 27B,01,11,com_cot,A100,30,51,50,14.000000000000002,14.000000000000002,0.0,86.0,2.142857142857143
Gemma 27B,01,11,com_cot,A100,60,51,50,0.0,0.0,0.0,100.0,
Gemma 27B,01,11,com_cot,A100,90,51,50,0.0,0.0,0.0,100.0,
Gemma 27B,01,11,com_cot,A100,120,51,50,0.0,0.0,0.0,100.0,
Gemma 27B,01,11,com_cot,A100,30,55,50,30.0,30.0,0.0,70.0,2.466666666666667
Gemma 27B,01,11,com_cot,A100,60,55,50,4.0,4.0,0.0,96.0,3.0
Gemma 27B,01,11,com_cot,A100,90,55,50,6.0,6.0,0.0,94.0,3.3333333333333335
Gemma 27B,01,11,com_cot,A100,120,55,50,0.0,0.0,0.0,100.0,
Gemma 27B,01,11,com_cot,A100,30,60,50,44.0,44.0,0.0,56.00000000000001,2.5454545454545454
Gemma 27B,01,11,com_cot,A100,60,60,50,26.0,26.0,0.0,74.0,2.5384615384615383
Gemma 27B,01,11,com_cot,A100,90,60,50,20.0,20.0,0.0,80.0,3.2
Gemma 27B,01,11,com_cot,A100,120,60,50,2.0,2.0,0.0,98.0,4.0
Gemma 27B,01,11,com_cot,A100,30,65,50,82.0,82.0,0.0,18.0,1.8780487804878048
Gemma 27B,01,11,com_cot,A100,60,65,50,50.0,50.0,0.0,50.0,2.16
Gemma 27B,01,11,com_cot,A100,90,65,50,42.0,42.0,0.0,57.99999999999999,2.6666666666666665
Gemma 27B,01,11,com_cot,A100,120,65,50,26.0,26.0,0.0,74.0,3.076923076923077
Gemma 27B,01,11,com_cot,A100,30,70,50,94.0,94.0,0.0,6.0,1.6595744680851063
Gemma 27B,01,11,com_cot,A100,60,70,50,76.0,76.0,0.0,24.0,2.1315789473684212
Gemma 27B,01,11,com_cot,A100,90,70,50,54.0,54.0,0.0,46.0,1.9259259259259258
Gemma 27B,01,11,com_cot,A100,120,70,50,50.0,50.0,0.0,50.0,2.56
Gemma 27B,01,11,only_token,A100,30,51,50,0.0,0.0,0.0,100.0,
Gemma 27B,01,11,only_token,A100,60,51,50,0.0,0.0,0.0,100.0,
Gemma 27B,01,11,only_token,A100,90,51,50,0.0,0.0,0.0,100.0,
Gemma 27B,01,11,only_token,A100,120,51,50,0.0,0.0,0.0,100.0,
Gemma 27B,01,11,only_token,A100,30,55,50,6.0,6.0,0.0,94.0,4.333333333333333
Gemma 27B,01,11,only_token,A100,60,55,50,0.0,0.0,0.0,100.0,
Gemma 27B,01,11,only_token,A100,90,55,50,0.0,0.0,0.0,100.0,
Gemma 27B,01,11,only_token,A100,120,55,50,0.0,0.0,0.0,100.0,
Gemma 27B,01,11,only_token,A100,30,60,50,28.000000000000004,28.000000000000004,0.0,72.0,3.2142857142857144
Gemma 27B,01,11,only_token,A100,60,60,50,6.0,6.0,0.0,94.0,5.333333333333333
Gemma 27B,01,11,only_token,A100,90,60,50,0.0,0.0,0.0,100.0,
Gemma 27B,01,11,only_token,A100,120,60,50,0.0,0.0,0.0,100.0,
Gemma 27B,01,11,only_token,A100,30,65,50,64.0,64.0,0.0,36.0,2.375
Gemma 27B,01,11,only_token,A100,60,65,50,28.000000000000004,28.000000000000004,0.0,72.0,3.5714285714285716
Gemma 27B,01,11,only_token,A100,90,65,50,16.0,16.0,0.0,84.0,3.125
Gemma 27B,01,11,only_token,A100,120,65,50,2.0,2.0,0.0,98.0,5.0
Gemma 27B,01,11,only_token,A100,30,70,50,78.0,78.0,0.0,22.0,1.9230769230769231
Gemma 27B,01,11,only_token,A100,60,70,50,56.00000000000001,56.00000000000001,0.0,44.0,2.3214285714285716
Gemma 27B,01,11,only_token,A100,90,70,50,36.0,36.0,0.0,64.0,2.7777777777777777
Gemma 27B,01,11,only_token,A100,120,70,50,24.0,24.0,0.0,76.0,3.5
Gemma 27B,ab,7,com_cot,A100,30,51,50,50.0,100.0,50.0,0.0,9.56
Gemma 27B,ab,7,com_cot,A100,60,51,50,50.0,100.0,50.0,0.0,16.28
Gemma 27B,ab,7,com_cot,A100,90,51,50,50.0,100.0,50.0,0.0,20.0
Gemma 27B,ab,7,com_cot,A100,120,51,50,50.0,100.0,50.0,0.0,21.56
Gemma 27B,ab,7,com_cot,A100,30,55,50,50.0,100.0,50.0,0.0,7.48
Gemma 27B,ab,7,com_cot,A100,60,55,50,50.0,100.0,50.0,0.0,14.12
Gemma 27B,ab,7,com_cot,A100,90,55,50,50.0,100.0,50.0,0.0,15.6
Gemma 27B,ab,7,com_cot,A100,120,55,50,50.0,100.0,50.0,0.0,18.12
Gemma 27B,ab,7,com_cot,A100,30,60,50,52.0,100.0,48.0,0.0,6.115384615384615
Gemma 27B,ab,7,com_cot,A100,60,60,50,50.0,100.0,50.0,0.0,8.4
Gemma 27B,ab,7,com_cot,A100,90,60,50,50.0,100.0,50.0,0.0,11.28
Gemma 27B,ab,7,com_cot,A100,120,60,50,50.0,100.0,50.0,0.0,13.2
Gemma 27B,ab,7,com_cot,A100,30,65,50,66.0,100.0,34.0,0.0,3.484848484848485
Gemma 27B,ab,7,com_cot,A100,60,65,50,52.0,100.0,48.0,0.0,4.961538461538462
Gemma 27B,ab,7,com_cot,A100,90,65,50,52.0,100.0,48.0,0.0,6.961538461538462
Gemma 27B,ab,7,com_cot,A100,120,65,50,50.0,100.0,50.0,0.0,8.48
Gemma 27B,ab,7,com_cot,A100,30,70,50,76.0,100.0,24.0,0.0,2.526315789473684
Gemma 27B,ab,7,com_cot,A100,60,70,50,62.0,100.0,38.0,0.0,3.7096774193548385
Gemma 27B,ab,7,com_cot,A100,90,70,50,62.0,100.0,38.0,0.0,4.548387096774194
Gemma 27B,ab,7,com_cot,A100,120,70,50,50.0,100.0,50.0,0.0,5.84
Gemma 27B,ab,7,only_token,A100,30,51,50,2.0,2.0,0.0,98.0,5.0
Gemma 27B,ab,7,only_token,A100,60,51,50,0.0,0.0,0.0,100.0,
Gemma 27B,ab,7,only_token,A100,90,51,50,0.0,0.0,0.0,100.0,
Gemma 27B,ab,7,only_token,A100,120,51,50,0.0,0.0,0.0,100.0,
Gemma 27B,ab,7,only_token,A100,30,55,50,4.0,4.0,0.0,96.0,2.0
Gemma 27B,ab,7,only_token,A100,60,55,50,0.0,0.0,0.0,100.0,
Gemma 27B,ab,7,only_token,A100,90,55,50,0.0,0.0,0.0,100.0,
Gemma 27B,ab,7,only_token,A100,120,55,50,0.0,0.0,0.0,100.0,
Gemma 27B,ab,7,only_token,A100,30,60,50,8.0,8.0,0.0,92.0,2.75
Gemma 27B,ab,7,only_token,A100,60,60,50,0.0,0.0,0.0,100.0,
Gemma 27B,ab,7,only_token,A100,90,60,50,0.0,0.0,0.0,100.0,
Gemma 27B,ab,7,only_token,A100,120,60,50,0.0,0.0,0.0,100.0,
Gemma 27B,ab,7,only_token,A100,30,65,50,30.0,30.0,0.0,70.0,2.4
Gemma 27B,ab,7,only_token,A100,60,65,50,14.000000000000002,14.000000000000002,0.0,86.0,2.5714285714285716
Gemma 27B,ab,7,only_token,A100,90,65,50,6.0,6.0,0.0,94.0,3.6666666666666665
Gemma 27B,ab,7,only_token,A100,120,65,50,0.0,0.0,0.0,100.0,
Gemma 27B,ab,7,only_token,A100,30,70,50,50.0,50.0,0.0,50.0,1.96
Gemma 27B,ab,7,only_token,A100,60,70,50,24.0,24.0,0.0,76.0,2.5833333333333335
Gemma 27B,ab,7,only_token,A100,90,70,50,12.0,12.0,0.0,88.0,3.1666666666666665
Gemma 27B,ab,7,only_token,A100,120,70,50,2.0,2.0,0.0,98.0,4.0
Gemma 27B,ab,9,com_cot,A100,30,51,50,50.0,100.0,50.0,0.0,9.6
Gemma 27B,ab,9,com_cot,A100,60,51,50,50.0,100.0,50.0,0.0,18.36
Gemma 27B,ab,9,com_cot,A100,90,51,50,50.0,100.0,50.0,0.0,25.0
Gemma 27B,ab,9,com_cot,A100,120,51,50,50.0,100.0,50.0,0.0,26.84
Gemma 27B,ab,9,com_cot,A100,30,55,50,54.0,100.0,46.0,0.0,7.518518518518518
Gemma 27B,ab,9,com_cot,A100,60,55,50,50.0,100.0,50.0,0.0,14.2
Gemma 27B,ab,9,com_cot,A100,90,55,50,50.0,100.0,50.0,0.0,16.96
Gemma 27B,ab,9,com_cot,A100,120,55,50,50.0,100.0,50.0,0.0,19.68
Gemma 27B,ab,9,com_cot,A100,30,60,50,60.0,100.0,40.0,0.0,4.966666666666667
Gemma 27B,ab,9,com_cot,A100,60,60,50,52.0,100.0,48.0,0.0,9.423076923076923
Gemma 27B,ab,9,com_cot,A100,90,60,50,50.0,100.0,50.0,0.0,11.56
Gemma 27B,ab,9,com_cot,A100,120,60,50,50.0,100.0,50.0,0.0,15.08
Gemma 27B,ab,9,com_cot,A100,30,65,50,80.0,100.0,20.0,0.0,2.35
Gemma 27B,ab,9,com_cot,A100,60,65,50,68.0,100.0,32.0,0.0,5.588235294117647
Gemma 27B,ab,9,com_cot,A100,90,65,50,57.99999999999999,100.0,42.0,0.0,6.620689655172414
Gemma 27B,ab,9,com_cot,A100,120,65,50,50.0,100.0,50.0,0.0,9.6
Gemma 27B,ab,9,com_cot,A100,30,70,50,88.0,100.0,12.0,0.0,1.7954545454545454
Gemma 27B,ab,9,com_cot,A100,60,70,50,76.0,100.0,24.0,0.0,3.1842105263157894
Gemma 27B,ab,9,com_cot,A100,90,70,50,70.0,100.0,30.0,0.0,3.8857142857142857
Gemma 27B,ab,9,com_cot,A100,120,70,50,66.0,100.0,34.0,0.0,5.666666666666667
Gemma 27B,ab,9,only_token,A100,30,51,50,4.0,4.0,0.0,96.0,4.5
Gemma 27B,ab,9,only_token,A100,60,51,50,0.0,0.0,0.0,100.0,
Gemma 27B,ab,9,only_token,A100,90,51,50,0.0,0.0,0.0,100.0,
Gemma 27B,ab,9,only_token,A100,120,51,50,0.0,0.0,0.0,100.0,
Gemma 27B,ab,9,only_token,A100,30,55,50,6.0,6.0,0.0,94.0,3.3333333333333335
Gemma 27B,ab,9,only_token,A100,60,55,50,0.0,0.0,0.0,100.0,
Gemma 27B,ab,9,only_token,A100,90,55,50,0.0,0.0,0.0,100.0,
Gemma 27B,ab,9,only_token,A100,120,55,50,0.0,0.0,0.0,100.0,
Gemma 27B,ab,9,only_token,A100,30,60,50,22.0,22.0,0.0,78.0,2.8181818181818183
Gemma 27B,ab,9,only_token,A100,60,60,50,6.0,6.0,0.0,94.0,3.3333333333333335
Gemma 27B,ab,9,only_token,A100,90,60,50,2.0,2.0,0.0,98.0,7.0
Gemma 27B,ab,9,only_token,A100,120,60,50,0.0,0.0,0.0,100.0,
Gemma 27B,ab,9,only_token,A100,30,65,50,52.0,52.0,0.0,48.0,2.076923076923077
Gemma 27B,ab,9,only_token,A100,60,65,50,28.000000000000004,28.000000000000004,0.0,72.0,2.9285714285714284
Gemma 27B,ab,9,only_token,A100,90,65,50,10.0,10.0,0.0,90.0,2.6
Gemma 27B,ab,9,only_token,A100,120,65,50,2.0,2.0,0.0,98.0,5.0
Gemma 27B,ab,9,only_token,A100,30,70,50,66.0,66.0,0.0,34.0,1.7575757575757576
Gemma 27B,ab,9,only_token,A100,60,70,50,46.0,46.0,0.0,54.0,2.391304347826087
Gemma 27B,ab,9,only_token,A100,90,70,50,28.000000000000004,28.000000000000004,0.0,72.0,2.7857142857142856
Gemma 27B,ab,9,only_token,A100,120,70,50,18.0,18.0,0.0,82.0,2.888888888888889
Gemma 27B,ab,11,com_cot,A100,30,51,50,14.000000000000002,14.000000000000002,0.0,86.0,2.7142857142857144
Gemma 27B,ab,11,com_cot,A100,60,51,50,0.0,0.0,0.0,100.0,
Gemma 27B,ab,11,com_cot,A100,90,51,50,0.0,0.0,0.0,100.0,
Gemma 27B,ab,11,com_cot,A100,120,51,50,0.0,0.0,0.0,100.0,
Gemma 27B,ab,11,com_cot,A100,30,55,50,26.0,26.0,0.0,74.0,2.8461538461538463
Gemma 27B,ab,11,com_cot,A100,60,55,50,2.0,2.0,0.0,98.0,2.0
Gemma 27B,ab,11,com_cot,A100,90,55,50,0.0,0.0,0.0,100.0,
Gemma 27B,ab,11,com_cot,A100,120,55,50,0.0,0.0,0.0,100.0,
Gemma 27B,ab,11,com_cot,A100,30,60,50,44.0,44.0,0.0,56.00000000000001,2.4545454545454546
Gemma 27B,ab,11,com_cot,A100,60,60,50,22.0,22.0,0.0,78.0,2.5454545454545454
Gemma 27B,ab,11,com_cot,A100,90,60,50,4.0,4.0,0.0,96.0,2.0
Gemma 27B,ab,11,com_cot,A100,120,60,50,0.0,0.0,0.0,100.0,
Gemma 27B,ab,11,com_cot,A100,30,65,50,90.0,90.0,0.0,10.0,1.9555555555555555
Gemma 27B,ab,11,com_cot,A100,60,65,50,44.0,44.0,0.0,56.00000000000001,2.1363636363636362
Gemma 27B,ab,11,com_cot,A100,90,65,50,36.0,36.0,0.0,64.0,2.611111111111111
Gemma 27B,ab,11,com_cot,A100,120,65,50,24.0,24.0,0.0,76.0,3.3333333333333335
Gemma 27B,ab,11,com_cot,A100,30,70,50,98.0,98.0,0.0,2.0,1.5510204081632653
Gemma 27B,ab,11,com_cot,A100,60,70,50,78.0,78.0,0.0,22.0,2.1025641025641026
Gemma 27B,ab,11,com_cot,A100,90,70,50,56.00000000000001,56.00000000000001,0.0,44.0,2.1785714285714284
Gemma 27B,ab,11,com_cot,A100,120,70,50,54.0,54.0,0.0,46.0,2.5925925925925926
Gemma 27B,ab,11,only_token,A100,30,51,50,4.0,4.0,0.0,96.0,3.5
Gemma 27B,ab,11,only_token,A100,60,51,50,0.0,0.0,0.0,100.0,
Gemma 27B,ab,11,only_token,A100,90,51,50,0.0,0.0,0.0,100.0,
Gemma 27B,ab,11,only_token,A100,120,51,50,0.0,0.0,0.0,100.0,
Gemma 27B,ab,11,only_token,A100,30,55,50,12.0,12.0,0.0,88.0,3.1666666666666665
Gemma 27B,ab,11,only_token,A100,60,55,50,0.0,0.0,0.0,100.0,
Gemma 27B,ab,11,only_token,A100,90,55,50,0.0,0.0,0.0,100.0,
Gemma 27B,ab,11,only_token,A100,120,55,50,0.0,0.0,0.0,100.0,
Gemma 27B,ab,11,only_token,A100,30,60,50,28.000000000000004,28.000000000000004,0.0,72.0,2.357142857142857
Gemma 27B,ab,11,only_token,A100,60,60,50,4.0,4.0,0.0,96.0,3.0
Gemma 27B,ab,11,only_token,A100,90,60,50,2.0,2.0,0.0,98.0,3.0
Gemma 27B,ab,11,only_token,A100,120,60,50,0.0,0.0,0.0,100.0,
Gemma 27B,ab,11,only_token,A100,30,65,50,72.0,72.0,0.0,28.000000000000004,1.8888888888888888
Gemma 27B,ab,11,only_token,A100,60,65,50,38.0,38.0,0.0,62.0,2.5789473684210527
Gemma 27B,ab,11,only_token,A100,90,65,50,16.0,16.0,0.0,84.0,2.625
Gemma 27B,ab,11,only_token,A100,120,65,50,2.0,2.0,0.0,98.0,2.0
Gemma 27B,ab,11,only_token,A100,30,70,50,84.0,84.0,0.0,16.0,1.5714285714285714
Gemma 27B,ab,11,only_token,A100,60,70,50,64.0,64.0,0.0,36.0,2.03125
Gemma 27B,ab,11,only_token,A100,90,70,50,42.0,42.0,0.0,57.99999999999999,2.1904761904761907
Gemma 27B,ab,11,only_token,A100,120,70,50,36.0,36.0,0.0,64.0,2.2777777777777777
Gemma 27B,kz,7,com_cot,A100,30,51,50,50.0,100.0,50.0,0.0,9.56
Gemma 27B,kz,7,com_cot,A100,60,51,50,50.0,100.0,50.0,0.0,16.28
Gemma 27B,kz,7,com_cot,A100,90,51,50,50.0,100.0,50.0,0.0,20.0
Gemma 27B,kz,7,com_cot,A100,120,51,50,50.0,100.0,50.0,0.0,21.56
Gemma 27B,kz,7,com_cot,A100,30,55,50,50.0,100.0,50.0,0.0,7.48
Gemma 27B,kz,7,com_cot,A100,60,55,50,50.0,100.0,50.0,0.0,14.12
Gemma 27B,kz,7,com_cot,A100,90,55,50,50.0,100.0,50.0,0.0,15.6
Gemma 27B,kz,7,com_cot,A100,120,55,50,50.0,100.0,50.0,0.0,18.12
Gemma 27B,kz,7,com_cot,A100,30,60,50,52.0,100.0,48.0,0.0,6.115384615384615
Gemma 27B,kz,7,com_cot,A100,60,60,50,50.0,100.0,50.0,0.0,8.4
Gemma 27B,kz,7,com_cot,A100,90,60,50,50.0,100.0,50.0,0.0,11.28
Gemma 27B,kz,7,com_cot,A100,120,60,50,50.0,100.0,50.0,0.0,13.2
Gemma 27B,kz,7,com_cot,A100,30,65,50,66.0,100.0,34.0,0.0,3.484848484848485
Gemma 27B,kz,7,com_cot,A100,60,65,50,52.0,100.0,48.0,0.0,4.961538461538462
Gemma 27B,kz,7,com_cot,A100,90,65,50,52.0,100.0,48.0,0.0,6.961538461538462
Gemma 27B,kz,7,com_cot,A100,120,65,50,50.0,100.0,50.0,0.0,8.48
Gemma 27B,kz,7,com_cot,A100,30,70,50,76.0,100.0,24.0,0.0,2.526315789473684
Gemma 27B,kz,7,com_cot,A100,60,70,50,62.0,100.0,38.0,0.0,3.7096774193548385
Gemma 27B,kz,7,com_cot,A100,90,70,50,62.0,100.0,38.0,0.0,4.548387096774194
Gemma 27B,kz,7,com_cot,A100,120,70,50,50.0,100.0,50.0,0.0,5.84
Gemma 27B,kz,7,only_token,A100,30,51,50,2.0,2.0,0.0,98.0,3.0
Gemma 27B,kz,7,only_token,A100,60,51,50,0.0,0.0,0.0,100.0,
Gemma 27B,kz,7,only_token,A100,90,51,50,0.0,0.0,0.0,100.0,
Gemma 27B,kz,7,only_token,A100,120,51,50,0.0,0.0,0.0,100.0,
Gemma 27B,kz,7,only_token,A100,30,55,50,4.0,4.0,0.0,96.0,2.0
Gemma 27B,kz,7,only_token,A100,60,55,50,0.0,0.0,0.0,100.0,
Gemma 27B,kz,7,only_token,A100,90,55,50,0.0,0.0,0.0,100.0,
Gemma 27B,kz,7,only_token,A100,120,55,50,0.0,0.0,0.0,100.0,
Gemma 27B,kz,7,only_token,A100,30,60,50,6.0,6.0,0.0,94.0,2.3333333333333335
Gemma 27B,kz,7,only_token,A100,60,60,50,2.0,2.0,0.0,98.0,4.0
Gemma 27B,kz,7,only_token,A100,90,60,50,0.0,0.0,0.0,100.0,
Gemma 27B,kz,7,only_token,A100,120,60,50,0.0,0.0,0.0,100.0,
Gemma 27B,kz,7,only_token,A100,30,65,50,24.0,24.0,0.0,76.0,2.5
Gemma 27B,kz,7,only_token,A100,60,65,50,10.0,10.0,0.0,90.0,2.4
Gemma 27B,kz,7,only_token,A100,90,65,50,6.0,6.0,0.0,94.0,3.6666666666666665
Gemma 27B,kz,7,only_token,A100,120,65,50,0.0,0.0,0.0,100.0,
Gemma 27B,kz,7,only_token,A100,30,70,50,44.0,44.0,0.0,56.00000000000001,2.1818181818181817
Gemma 27B,kz,7,only_token,A100,60,70,50,20.0,20.0,0.0,80.0,2.2
Gemma 27B,kz,7,only_token,A100,90,70,50,6.0,6.0,0.0,94.0,3.3333333333333335
Gemma 27B,kz,7,only_token,A100,120,70,50,2.0,2.0,0.0,98.0,3.0
Gemma 27B,kz,9,com_cot,A100,30,51,50,8.0,8.0,0.0,92.0,3.75
Gemma 27B,kz,9,com_cot,A100,60,51,50,0.0,0.0,0.0,100.0,
Gemma 27B,kz,9,com_cot,A100,90,51,50,0.0,0.0,0.0,100.0,
Gemma 27B,kz,9,com_cot,A100,120,51,50,0.0,0.0,0.0,100.0,
Gemma 27B,kz,9,com_cot,A100,30,55,50,10.0,10.0,0.0,90.0,2.8
Gemma 27B,kz,9,com_cot,A100,60,55,50,0.0,0.0,0.0,100.0,
Gemma 27B,kz,9,com_cot,A100,90,55,50,0.0,0.0,0.0,100.0,
Gemma 27B,kz,9,com_cot,A100,120,55,50,0.0,0.0,0.0,100.0,
Gemma 27B,kz,9,com_cot,A100,30,60,50,28.000000000000004,28.000000000000004,0.0,72.0,2.642857142857143
Gemma 27B,kz,9,com_cot,A100,60,60,50,14.000000000000002,14.000000000000002,0.0,86.0,3.0
Gemma 27B,kz,9,com_cot,A100,90,60,50,4.0,4.0,0.0,96.0,3.5
Gemma 27B,kz,9,com_cot,A100,120,60,50,0.0,0.0,0.0,100.0,
Gemma 27B,kz,9,com_cot,A100,30,65,50,76.0,76.0,0.0,24.0,1.9473684210526316
Gemma 27B,kz,9,com_cot,A100,60,65,50,36.0,36.0,0.0,64.0,2.4444444444444446
Gemma 27B,kz,9,com_cot,A100,90,65,50,20.0,20.0,0.0,80.0,2.7
Gemma 27B,kz,9,com_cot,A100,120,65,50,10.0,10.0,0.0,90.0,3.6
Gemma 27B,kz,9,com_cot,A100,30,70,50,86.0,86.0,0.0,14.000000000000002,1.627906976744186
Gemma 27B,kz,9,com_cot,A100,60,70,50,66.0,66.0,0.0,34.0,2.242424242424242
Gemma 27B,kz,9,com_cot,A100,90,70,50,52.0,52.0,0.0,48.0,2.5
Gemma 27B,kz,9,com_cot,A100,120,70,50,38.0,38.0,0.0,62.0,2.8421052631578947
Gemma 27B,kz,9,only_token,A100,30,51,50,14.000000000000002,14.000000000000002,0.0,86.0,3.4285714285714284
Gemma 27B,kz,9,only_token,A100,60,51,50,0.0,0.0,0.0,100.0,
Gemma 27B,kz,9,only_token,A100,90,51,50,0.0,0.0,0.0,100.0,
Gemma 27B,kz,9,only_token,A100,120,51,50,0.0,0.0,0.0,100.0,
Gemma 27B,kz,9,only_token,A100,30,55,50,16.0,16.0,0.0,84.0,2.75
Gemma 27B,kz,9,only_token,A100,60,55,50,6.0,6.0,0.0,94.0,4.333333333333333
Gemma 27B,kz,9,only_token,A100,90,55,50,0.0,0.0,0.0,100.0,
Gemma 27B,kz,9,only_token,A100,120,55,50,0.0,0.0,0.0,100.0,
Gemma 27B,kz,9,only_token,A100,30,60,50,26.0,26.0,0.0,74.0,2.4615384615384617
Gemma 27B,kz,9,only_token,A100,60,60,50,18.0,18.0,0.0,82.0,2.888888888888889
Gemma 27B,kz,9,only_token,A100,90,60,50,6.0,6.0,0.0,94.0,4.0
Gemma 27B,kz,9,only_token,A100,120,60,50,2.0,2.0,0.0,98.0,3.0
Gemma 27B,kz,9,only_token,A100,30,65,50,57.99999999999999,57.99999999999999,0.0,42.0,2.3793103448275863
Gemma 27B,kz,9,only_token,A100,60,65,50,34.0,34.0,0.0,66.0,2.3529411764705883
Gemma 27B,kz,9,only_token,A100,90,65,50,16.0,16.0,0.0,84.0,2.875
Gemma 27B,kz,9,only_token,A100,120,65,50,10.0,10.0,0.0,90.0,3.2
Gemma 27B,kz,9,only_token,A100,30,70,50,68.0,68.0,0.0,32.0,1.9411764705882353
Gemma 27B,kz,9,only_token,A100,60,70,50,46.0,46.0,0.0,54.0,2.5652173913043477
Gemma 27B,kz,9,only_token,A100,90,70,50,32.0,32.0,0.0,68.0,2.8125
Gemma 27B,kz,9,only_token,A100,120,70,50,28.000000000000004,28.000000000000004,0.0,72.0,2.5
Gemma 27B,kz,11,com_cot,A100,30,51,50,20.0,22.0,2.0,78.0,2.8
Gemma 27B,kz,11,com_cot,A100,60,51,50,0.0,0.0,0.0,100.0,
Gemma 27B,kz,11,com_cot,A100,90,51,50,0.0,0.0,0.0,100.0,
Gemma 27B,kz,11,com_cot,A100,120,51,50,0.0,0.0,0.0,100.0,
Gemma 27B,kz,11,com_cot,A100,30,55,50,34.0,34.0,0.0,66.0,2.6470588235294117
Gemma 27B,kz,11,com_cot,A100,60,55,50,6.0,6.0,0.0,94.0,3.6666666666666665
Gemma 27B,kz,11,com_cot,A100,90,55,50,4.0,4.0,0.0,96.0,4.0
Gemma 27B,kz,11,com_cot,A100,120,55,50,0.0,0.0,0.0,100.0,
Gemma 27B,kz,11,com_cot,A100,30,60,50,46.0,46.0,0.0,54.0,2.4782608695652173
Gemma 27B,kz,11,com_cot,A100,60,60,50,30.0,30.0,0.0,70.0,2.8
Gemma 27B,kz,11,com_cot,A100,90,60,50,16.0,16.0,0.0,84.0,3.375
Gemma 27B,kz,11,com_cot,A100,120,60,50,4.0,4.0,0.0,96.0,3.5
Gemma 27B,kz,11,com_cot,A100,30,65,50,88.0,88.0,0.0,12.0,1.9772727272727273
Gemma 27B,kz,11,com_cot,A100,60,65,50,48.0,48.0,0.0,52.0,2.0416666666666665
Gemma 27B,kz,11,com_cot,A100,90,65,50,42.0,42.0,0.0,57.99999999999999,2.761904761904762
Gemma 27B,kz,11,com_cot,A100,120,65,50,32.0,32.0,0.0,68.0,3.125
Gemma 27B,kz,11,com_cot,A100,30,70,50,96.0,96.0,0.0,4.0,1.6666666666666667
Gemma 27B,kz,11,com_cot,A100,60,70,50,76.0,76.0,0.0,24.0,2.1052631578947367
Gemma 27B,kz,11,com_cot,A100,90,70,50,56.00000000000001,56.00000000000001,0.0,44.0,2.1785714285714284
Gemma 27B,kz,11,com_cot,A100,120,70,50,57.99999999999999,57.99999999999999,0.0,42.0,2.413793103448276
Gemma 27B,kz,11,only_token,A100,30,51,50,10.0,10.0,0.0,90.0,2.4
Gemma 27B,kz,11,only_token,A100,60,51,50,0.0,0.0,0.0,100.0,
Gemma 27B,kz,11,only_token,A100,90,51,50,0.0,0.0,0.0,100.0,
Gemma 27B,kz,11,only_token,A100,120,51,50,0.0,0.0,0.0,100.0,
Gemma 27B,kz,11,only_token,A100,30,55,50,18.0,18.0,0.0,82.0,2.5555555555555554
Gemma 27B,kz,11,only_token,A100,60,55,50,2.0,2.0,0.0,98.0,3.0
Gemma 27B,kz,11,only_token,A100,90,55,50,0.0,0.0,0.0,100.0,
Gemma 27B,kz,11,only_token,A100,120,55,50,0.0,0.0,0.0,100.0,
Gemma 27B,kz,11,only_token,A100,30,60,50,28.000000000000004,28.000000000000004,0.0,72.0,2.2857142857142856
Gemma 27B,kz,11,only_token,A100,60,60,50,16.0,16.0,0.0,84.0,2.375
Gemma 27B,kz,11,only_token,A100,90,60,50,8.0,8.0,0.0,92.0,2.5
Gemma 27B,kz,11,only_token,A100,120,60,50,2.0,2.0,0.0,98.0,5.0
Gemma 27B,kz,11,only_token,A100,30,65,50,64.0,64.0,0.0,36.0,2.1875
Gemma 27B,kz,11,only_token,A100,60,65,50,36.0,36.0,0.0,64.0,2.2222222222222223
Gemma 27B,kz,11,only_token,A100,90,65,50,24.0,24.0,0.0,76.0,2.4166666666666665
Gemma 27B,kz,11,only_token,A100,120,65,50,12.0,12.0,0.0,88.0,2.6666666666666665
Gemma 27B,kz,11,only_token,A100,30,70,50,70.0,70.0,0.0,30.0,1.7142857142857142
Gemma 27B,kz,11,only_token,A100,60,70,50,52.0,52.0,0.0,48.0,2.3846153846153846
Gemma 27B,kz,11,only_token,A100,90,70,50,40.0,40.0,0.0,60.0,2.6
Gemma 27B,kz,11,only_token,A100,120,70,50,28.000000000000004,28.000000000000004,0.0,72.0,2.2857142857142856
Gemma 27B,pq,7,com_cot,A100,30,51,50,0.0,0.0,0.0,100.0,
Gemma 27B,pq,7,com_cot,A100,60,51,50,0.0,0.0,0.0,100.0,
Gemma 27B,pq,7,com_cot,A100,90,51,50,0.0,0.0,0.0,100.0,
Gemma 27B,pq,7,com_cot,A100,120,51,50,0.0,0.0,0.0,100.0,
Gemma 27B,pq,7,com_cot,A100,30,55,50,4.0,4.0,0.0,96.0,3.0
Gemma 27B,pq,7,com_cot,A100,60,55,50,0.0,0.0,0.0,100.0,
Gemma 27B,pq,7,com_cot,A100,90,55,50,0.0,0.0,0.0,100.0,
Gemma 27B,pq,7,com_cot,A100,120,55,50,0.0,0.0,0.0,100.0,
Gemma 27B,pq,7,com_cot,A100,30,60,50,12.0,12.0,0.0,88.0,2.5
Gemma 27B,pq,7,com_cot,A100,60,60,50,0.0,0.0,0.0,100.0,
Gemma 27B,pq,7,com_cot,A100,90,60,50,0.0,0.0,0.0,100.0,
Gemma 27B,pq,7,com_cot,A100,120,60,50,0.0,0.0,0.0,100.0,
Gemma 27B,pq,7,com_cot,A100,30,65,50,36.0,36.0,0.0,64.0,2.0
Gemma 27B,pq,7,com_cot,A100,60,65,50,14.000000000000002,14.000000000000002,0.0,86.0,2.5714285714285716
Gemma 27B,pq,7,com_cot,A100,90,65,50,4.0,4.0,0.0,96.0,2.5
Gemma 27B,pq,7,com_cot,A100,120,65,50,0.0,0.0,0.0,100.0,
Gemma 27B,pq,7,com_cot,A100,30,70,50,57.99999999999999,57.99999999999999,0.0,42.0,1.6206896551724137
Gemma 27B,pq,7,com_cot,A100,60,70,50,42.0,42.0,0.0,57.99999999999999,2.142857142857143
Gemma 27B,pq,7,com_cot,A100,90,70,50,22.0,22.0,0.0,78.0,2.1818181818181817
Gemma 27B,pq,7,com_cot,A100,120,70,50,0.0,0.0,0.0,100.0,
Gemma 27B,pq,7,only_token,A100,30,51,50,2.0,2.0,0.0,98.0,3.0
Gemma 27B,pq,7,only_token,A100,60,51,50,0.0,0.0,0.0,100.0,
Gemma 27B,pq,7,only_token,A100,90,51,50,0.0,0.0,0.0,100.0,
Gemma 27B,pq,7,only_token,A100,120,51,50,0.0,0.0,0.0,100.0,
Gemma 27B,pq,7,only_token,A100,30,55,50,4.0,4.0,0.0,96.0,2.0
Gemma 27B,pq,7,only_token,A100,60,55,50,0.0,0.0,0.0,100.0,
Gemma 27B,pq,7,only_token,A100,90,55,50,0.0,0.0,0.0,100.0,
Gemma 27B,pq,7,only_token,A100,120,55,50,0.0,0.0,0.0,100.0,
Gemma 27B,pq,7,only_token,A100,30,60,50,8.0,8.0,0.0,92.0,2.0
Gemma 27B,pq,7,only_token,A100,60,60,50,2.0,2.0,0.0,98.0,4.0
Gemma 27B,pq,7,only_token,A100,90,60,50,0.0,0.0,0.0,100.0,
Gemma 27B,pq,7,only_token,A100,120,60,50,0.0,0.0,0.0,100.0,
Gemma 27B,pq,7,only_token,A100,30,65,50,28.000000000000004,28.000000000000004,0.0,72.0,1.8571428571428572
Gemma 27B,pq,7,only_token,A100,60,65,50,12.0,12.0,0.0,88.0,2.3333333333333335
Gemma 27B,pq,7,only_token,A100,90,65,50,4.0,4.0,0.0,96.0,2.5
Gemma 27B,pq,7,only_token,A100,120,65,50,0.0,0.0,0.0,100.0,
Gemma 27B,pq,7,only_token,A100,30,70,50,48.0,48.0,0.0,52.0,1.6666666666666667
Gemma 27B,pq,7,only_token,A100,60,70,50,24.0,24.0,0.0,76.0,1.9166666666666667
Gemma 27B,pq,7,only_token,A100,90,70,50,16.0,16.0,0.0,84.0,2.25
Gemma 27B,pq,7,only_token,A100,120,70,50,4.0,4.0,0.0,96.0,2.0
Gemma 27B,pq,9,com_cot,A100,30,51,50,0.0,0.0,0.0,100.0,
Gemma 27B,pq,9,com_cot,A100,60,51,50,0.0,0.0,0.0,100.0,
Gemma 27B,pq,9,com_cot,A100,90,51,50,0.0,0.0,0.0,100.0,
Gemma 27B,pq,9,com_cot,A100,120,51,50,0.0,0.0,0.0,100.0,
Gemma 27B,pq,9,com_cot,A100,30,55,50,4.0,4.0,0.0,96.0,2.0
Gemma 27B,pq,9,com_cot,A100,60,55,50,0.0,0.0,0.0,100.0,
Gemma 27B,pq,9,com_cot,A100,90,55,50,0.0,0.0,0.0,100.0,
Gemma 27B,pq,9,com_cot,A100,120,55,50,0.0,0.0,0.0,100.0,
Gemma 27B,pq,9,com_cot,A100,30,60,50,26.0,26.0,0.0,74.0,2.3846153846153846
Gemma 27B,pq,9,com_cot,A100,60,60,50,4.0,4.0,0.0,96.0,2.5
Gemma 27B,pq,9,com_cot,A100,90,60,50,0.0,0.0,0.0,100.0,
Gemma 27B,pq,9,com_cot,A100,120,60,50,0.0,0.0,0.0,100.0,
Gemma 27B,pq,9,com_cot,A100,30,65,50,76.0,76.0,0.0,24.0,2.026315789473684
Gemma 27B,pq,9,com_cot,A100,60,65,50,28.000000000000004,28.000000000000004,0.0,72.0,2.2142857142857144
Gemma 27B,pq,9,com_cot,A100,90,65,50,16.0,16.0,0.0,84.0,2.375
Gemma 27B,pq,9,com_cot,A100,120,65,50,4.0,4.0,0.0,96.0,3.0
Gemma 27B,pq,9,com_cot,A100,30,70,50,86.0,86.0,0.0,14.000000000000002,1.627906976744186
Gemma 27B,pq,9,com_cot,A100,60,70,50,56.00000000000001,56.00000000000001,0.0,44.0,2.0357142857142856
Gemma 27B,pq,9,com_cot,A100,90,70,50,42.0,42.0,0.0,57.99999999999999,2.2857142857142856
Gemma 27B,pq,9,com_cot,A100,120,70,50,30.0,30.0,0.0,70.0,2.533333333333333
Gemma 27B,pq,9,only_token,A100,30,51,50,12.0,12.0,0.0,88.0,4.333333333333333
Gemma 27B,pq,9,only_token,A100,60,51,50,0.0,0.0,0.0,100.0,
Gemma 27B,pq,9,only_token,A100,90,51,50,0.0,0.0,0.0,100.0,
Gemma 27B,pq,9,only_token,A100,120,51,50,0.0,0.0,0.0,100.0,
Gemma 27B,pq,9,only_token,A100,30,55,50,14.000000000000002,14.000000000000002,0.0,86.0,3.5714285714285716
Gemma 27B,pq,9,only_token,A100,60,55,50,4.0,4.0,0.0,96.0,3.5
Gemma 27B,pq,9,only_token,A100,90,55,50,0.0,0.0,0.0,100.0,
Gemma 27B,pq,9,only_token,A100,120,55,50,0.0,0.0,0.0,100.0,
Gemma 27B,pq,9,only_token,A100,30,60,50,22.0,22.0,0.0,78.0,2.8181818181818183
Gemma 27B,pq,9,only_token,A100,60,60,50,18.0,18.0,0.0,82.0,3.3333333333333335
Gemma 27B,pq,9,only_token,A100,90,60,50,6.0,6.0,0.0,94.0,4.333333333333333
Gemma 27B,pq,9,only_token,A100,120,60,50,0.0,0.0,0.0,100.0,
Gemma 27B,pq,9,only_token,A100,30,65,50,57.99999999999999,57.99999999999999,0.0,42.0,2.3448275862068964
Gemma 27B,pq,9,only_token,A100,60,65,50,32.0,32.0,0.0,68.0,2.5
Gemma 27B,pq,9,only_token,A100,90,65,50,16.0,16.0,0.0,84.0,2.75
Gemma 27B,pq,9,only_token,A100,120,65,50,4.0,4.0,0.0,96.0,3.5
Gemma 27B,pq,9,only_token,A100,30,70,50,70.0,70.0,0.0,30.0,1.9428571428571428
Gemma 27B,pq,9,only_token,A100,60,70,50,44.0,44.0,0.0,56.00000000000001,2.1363636363636362
Gemma 27B,pq,9,only_token,A100,90,70,50,26.0,26.0,0.0,74.0,2.4615384615384617
Gemma 27B,pq,9,only_token,A100,120,70,50,24.0,24.0,0.0,76.0,2.75
Gemma 27B,pq,11,com_cot,A100,30,51,50,50.0,100.0,50.0,0.0,5.32
Gemma 27B,pq,11,com_cot,A100,60,51,50,50.0,100.0,50.0,0.0,13.32
Gemma 27B,pq,11,com_cot,A100,90,51,50,50.0,100.0,50.0,0.0,17.64
Gemma 27B,pq,11,com_cot,A100,120,51,50,50.0,100.0,50.0,0.0,19.6
Gemma 27B,pq,11,com_cot,A100,30,55,50,50.0,100.0,50.0,0.0,3.84
Gemma 27B,pq,11,com_cot,A100,60,55,50,50.0,100.0,50.0,0.0,8.72
Gemma 27B,pq,11,com_cot,A100,90,55,50,50.0,100.0,50.0,0.0,12.44
Gemma 27B,pq,11,com_cot,A100,120,55,50,50.0,100.0,50.0,0.0,16.12
Gemma 27B,pq,11,com_cot,A100,30,60,50,54.0,100.0,46.0,0.0,3.0
Gemma 27B,pq,11,com_cot,A100,60,60,50,50.0,100.0,50.0,0.0,4.64
Gemma 27B,pq,11,com_cot,A100,90,60,50,50.0,100.0,50.0,0.0,6.76
Gemma 27B,pq,11,com_cot,A100,120,60,50,50.0,100.0,50.0,0.0,9.88
Gemma 27B,pq,11,com_cot,A100,30,65,50,88.0,100.0,12.0,0.0,2.0454545454545454
Gemma 27B,pq,11,com_cot,A100,60,65,50,57.99999999999999,100.0,42.0,0.0,2.5172413793103448
Gemma 27B,pq,11,com_cot,A100,90,65,50,57.99999999999999,100.0,42.0,0.0,3.4482758620689653
Gemma 27B,pq,11,com_cot,A100,120,65,50,50.0,100.0,50.0,0.0,4.28
Gemma 27B,pq,11,com_cot,A100,30,70,50,96.0,100.0,4.0,0.0,1.6875
Gemma 27B,pq,11,com_cot,A100,60,70,50,78.0,100.0,22.0,0.0,2.1538461538461537
Gemma 27B,pq,11,com_cot,A100,90,70,50,66.0,100.0,34.0,0.0,2.515151515151515
Gemma 27B,pq,11,com_cot,A100,120,70,50,57.99999999999999,100.0,42.0,0.0,2.8620689655172415
Gemma 27B,pq,11,only_token,A100,30,51,50,12.0,12.0,0.0,88.0,2.6666666666666665
Gemma 27B,pq,11,only_token,A100,60,51,50,0.0,0.0,0.0,100.0,
Gemma 27B,pq,11,only_token,A100,90,51,50,0.0,0.0,0.0,100.0,
Gemma 27B,pq,11,only_token,A100,120,51,50,0.0,0.0,0.0,100.0,
Gemma 27B,pq,11,only_token,A100,30,55,50,18.0,18.0,0.0,82.0,2.7777777777777777
Gemma 27B,pq,11,only_token,A100,60,55,50,2.0,2.0,0.0,98.0,3.0
Gemma 27B,pq,11,only_token,A100,90,55,50,0.0,0.0,0.0,100.0,
Gemma 27B,pq,11,only_token,A100,120,55,50,0.0,0.0,0.0,100.0,
Gemma 27B,pq,11,only_token,A100,30,60,50,28.000000000000004,28.000000000000004,0.0,72.0,2.5
Gemma 27B,pq,11,only_token,A100,60,60,50,14.000000000000002,14.000000000000002,0.0,86.0,2.4285714285714284
Gemma 27B,pq,11,only_token,A100,90,60,50,6.0,6.0,0.0,94.0,2.0
Gemma 27B,pq,11,only_token,A100,120,60,50,2.0,2.0,0.0,98.0,5.0
Gemma 27B,pq,11,only_token,A100,30,65,50,72.0,72.0,0.0,28.000000000000004,2.0277777777777777
Gemma 27B,pq,11,only_token,A100,60,65,50,42.0,42.0,0.0,57.99999999999999,2.2857142857142856
Gemma 27B,pq,11,only_token,A100,90,65,50,26.0,26.0,0.0,74.0,2.6923076923076925
Gemma 27B,pq,11,only_token,A100,120,65,50,10.0,10.0,0.0,90.0,2.6
Gemma 27B,pq,11,only_token,A100,30,70,50,82.0,82.0,0.0,18.0,1.6585365853658536
Gemma 27B,pq,11,only_token,A100,60,70,50,66.0,66.0,0.0,34.0,2.090909090909091
Gemma 27B,pq,11,only_token,A100,90,70,50,46.0,46.0,0.0,54.0,2.347826086956522
Gemma 27B,pq,11,only_token,A100,120,70,50,26.0,26.0,0.0,74.0,2.076923076923077
Gemma 27B,yesno,7,com_cot,A100,30,51,50,0.0,0.0,0.0,100.0,
Gemma 27B,yesno,7,com_cot,A100,60,51,50,0.0,0.0,0.0,100.0,
Gemma 27B,yesno,7,com_cot,A100,90,51,50,0.0,0.0,0.0,100.0,
Gemma 27B,yesno,7,com_cot,A100,120,51,50,0.0,0.0,0.0,100.0,
Gemma 27B,yesno,7,com_cot,A100,30,55,50,2.0,2.0,0.0,98.0,3.0
Gemma 27B,yesno,7,com_cot,A100,60,55,50,0.0,0.0,0.0,100.0,
Gemma 27B,yesno,7,com_cot,A100,90,55,50,0.0,0.0,0.0,100.0,
Gemma 27B,yesno,7,com_cot,A100,120,55,50,0.0,0.0,0.0,100.0,
Gemma 27B,yesno,7,com_cot,A100,30,60,50,10.0,10.0,0.0,90.0,3.0
Gemma 27B,yesno,7,com_cot,A100,60,60,50,2.0,2.0,0.0,98.0,4.0
Gemma 27B,yesno,7,com_cot,A100,90,60,50,0.0,0.0,0.0,100.0,
Gemma 27B,yesno,7,com_cot,A100,120,60,50,0.0,0.0,0.0,100.0,
Gemma 27B,yesno,7,com_cot,A100,30,65,50,38.0,38.0,0.0,62.0,2.3157894736842106
Gemma 27B,yesno,7,com_cot,A100,60,65,50,18.0,18.0,0.0,82.0,2.7777777777777777
Gemma 27B,yesno,7,com_cot,A100,90,65,50,8.0,8.0,0.0,92.0,3.75
Gemma 27B,yesno,7,com_cot,A100,120,65,50,0.0,0.0,0.0,100.0,
Gemma 27B,yesno,7,com_cot,A100,30,70,50,62.0,62.0,0.0,38.0,2.129032258064516
Gemma 27B,yesno,7,com_cot,A100,60,70,50,40.0,40.0,0.0,60.0,2.4
Gemma 27B,yesno,7,com_cot,A100,90,70,50,18.0,18.0,0.0,82.0,3.0
Gemma 27B,yesno,7,com_cot,A100,120,70,50,2.0,2.0,0.0,98.0,4.0
Gemma 27B,yesno,7,only_token,A100,30,51,50,10.0,18.0,8.0,82.0,3.8
Gemma 27B,yesno,7,only_token,A100,60,51,50,2.0,4.0,2.0,96.0,5.0
Gemma 27B,yesno,7,only_token,A100,90,51,50,0.0,0.0,0.0,100.0,
Gemma 27B,yesno,7,only_token,A100,120,51,50,0.0,0.0,0.0,100.0,
Gemma 27B,yesno,7,only_token,A100,30,55,50,10.0,10.0,0.0,90.0,3.0
Gemma 27B,yesno,7,only_token,A100,60,55,50,2.0,2.0,0.0,98.0,5.0
Gemma 27B,yesno,7,only_token,A100,90,55,50,0.0,0.0,0.0,100.0,
Gemma 27B,yesno,7,only_token,A100,120,55,50,0.0,0.0,0.0,100.0,
Gemma 27B,yesno,7,only_token,A100,30,60,50,24.0,24.0,0.0,76.0,2.6666666666666665
Gemma 27B,yesno,7,only_token,A100,60,60,50,8.0,8.0,0.0,92.0,5.5
Gemma 27B,yesno,7,only_token,A100,90,60,50,4.0,4.0,0.0,96.0,4.5
Gemma 27B,yesno,7,only_token,A100,120,60,50,0.0,0.0,0.0,100.0,
Gemma 27B,yesno,7,only_token,A100,30,65,50,36.0,36.0,0.0,64.0,2.4444444444444446
Gemma 27B,yesno,7,only_token,A100,60,65,50,20.0,20.0,0.0,80.0,4.0
Gemma 27B,yesno,7,only_token,A100,90,65,50,14.000000000000002,14.000000000000002,0.0,86.0,3.0
Gemma 27B,yesno,7,only_token,A100,120,65,50,6.0,6.0,0.0,94.0,4.0
Gemma 27B,yesno,7,only_token,A100,30,70,50,38.0,38.0,0.0,62.0,2.1578947368421053
Gemma 27B,yesno,7,only_token,A100,60,70,50,34.0,34.0,0.0,66.0,2.9411764705882355
Gemma 27B,yesno,7,only_token,A100,90,70,50,28.000000000000004,28.000000000000004,0.0,72.0,2.857142857142857
Gemma 27B,yesno,7,only_token,A100,120,70,50,20.0,20.0,0.0,80.0,3.3
Gemma 27B,yesno,9,com_cot,A100,30,51,50,50.0,100.0,50.0,0.0,10.52
Gemma 27B,yesno,9,com_cot,A100,60,51,50,50.0,100.0,50.0,0.0,20.68
Gemma 27B,yesno,9,com_cot,A100,90,51,50,50.0,100.0,50.0,0.0,23.48
Gemma 27B,yesno,9,com_cot,A100,120,51,50,50.0,100.0,50.0,0.0,25.64
Gemma 27B,yesno,9,com_cot,A100,30,55,50,52.0,100.0,48.0,0.0,8.038461538461538
Gemma 27B,yesno,9,com_cot,A100,60,55,50,50.0,100.0,50.0,0.0,15.88
Gemma 27B,yesno,9,com_cot,A100,90,55,50,50.0,100.0,50.0,0.0,18.52
Gemma 27B,yesno,9,com_cot,A100,120,55,50,50.0,100.0,50.0,0.0,19.88
Gemma 27B,yesno,9,com_cot,A100,30,60,50,66.0,100.0,34.0,0.0,5.515151515151516
Gemma 27B,yesno,9,com_cot,A100,60,60,50,50.0,100.0,50.0,0.0,9.92
Gemma 27B,yesno,9,com_cot,A100,90,60,50,50.0,100.0,50.0,0.0,13.6
Gemma 27B,yesno,9,com_cot,A100,120,60,50,50.0,100.0,50.0,0.0,15.96
Gemma 27B,yesno,9,com_cot,A100,30,65,50,86.0,100.0,14.000000000000002,0.0,3.13953488372093
Gemma 27B,yesno,9,com_cot,A100,60,65,50,60.0,100.0,40.0,0.0,5.1
Gemma 27B,yesno,9,com_cot,A100,90,65,50,57.99999999999999,100.0,42.0,0.0,7.137931034482759
Gemma 27B,yesno,9,com_cot,A100,120,65,50,50.0,100.0,50.0,0.0,10.56
Gemma 27B,yesno,9,com_cot,A100,30,70,50,92.0,100.0,8.0,0.0,2.4565217391304346
Gemma 27B,yesno,9,com_cot,A100,60,70,50,84.0,100.0,16.0,0.0,3.5952380952380953
Gemma 27B,yesno,9,com_cot,A100,90,70,50,72.0,100.0,28.000000000000004,0.0,4.583333333333333
Gemma 27B,yesno,9,com_cot,A100,120,70,50,60.0,100.0,40.0,0.0,5.533333333333333
Gemma 27B,yesno,9,only_token,A100,30,51,50,50.0,100.0,50.0,0.0,4.2
Gemma 27B,yesno,9,only_token,A100,60,51,50,50.0,100.0,50.0,0.0,8.44
Gemma 27B,yesno,9,only_token,A100,90,51,50,50.0,100.0,50.0,0.0,9.24
Gemma 27B,yesno,9,only_token,A100,120,51,50,50.0,100.0,50.0,0.0,9.28
Gemma 27B,yesno,9,only_token,A100,30,55,50,50.0,100.0,50.0,0.0,3.6
Gemma 27B,yesno,9,only_token,A100,60,55,50,50.0,100.0,50.0,0.0,5.52
Gemma 27B,yesno,9,only_token,A100,90,55,50,50.0,100.0,50.0,0.0,6.0
Gemma 27B,yesno,9,only_token,A100,120,55,50,50.0,100.0,50.0,0.0,7.36
Gemma 27B,yesno,9,only_token,A100,30,60,50,50.0,100.0,50.0,0.0,2.76
Gemma 27B,yesno,9,only_token,A100,60,60,50,50.0,100.0,50.0,0.0,4.44
Gemma 27B,yesno,9,only_token,A100,90,60,50,50.0,100.0,50.0,0.0,4.56
Gemma 27B,yesno,9,only_token,A100,120,60,50,50.0,100.0,50.0,0.0,6.28
Gemma 27B,yesno,9,only_token,A100,30,65,50,50.0,100.0,50.0,0.0,2.08
Gemma 27B,yesno,9,only_token,A100,60,65,50,50.0,100.0,50.0,0.0,3.2
Gemma 27B,yesno,9,only_token,A100,90,65,50,50.0,100.0,50.0,0.0,3.4
Gemma 27B,yesno,9,only_token,A100,120,65,50,50.0,100.0,50.0,0.0,4.72
Gemma 27B,yesno,9,only_token,A100,30,70,50,50.0,90.0,40.0,10.0,1.72
Gemma 27B,yesno,9,only_token,A100,60,70,50,50.0,100.0,50.0,0.0,2.44
Gemma 27B,yesno,9,only_token,A100,90,70,50,50.0,100.0,50.0,0.0,2.64
Gemma 27B,yesno,9,only_token,A100,120,70,50,50.0,100.0,50.0,0.0,3.24
Gemma 27B,yesno,11,com_cot,A100,30,51,50,50.0,100.0,50.0,0.0,10.08
Gemma 27B,yesno,11,com_cot,A100,60,51,50,50.0,100.0,50.0,0.0,21.32
Gemma 27B,yesno,11,com_cot,A100,90,51,50,50.0,100.0,50.0,0.0,25.8
Gemma 27B,yesno,11,com_cot,A100,120,51,50,50.0,100.0,50.0,0.0,28.68
Gemma 27B,yesno,11,com_cot,A100,30,55,50,52.0,100.0,48.0,0.0,7.538461538461538
Gemma 27B,yesno,11,com_cot,A100,60,55,50,54.0,100.0,46.0,0.0,14.185185185185185
Gemma 27B,yesno,11,com_cot,A100,90,55,50,50.0,100.0,50.0,0.0,18.68
Gemma 27B,yesno,11,com_cot,A100,120,55,50,50.0,100.0,50.0,0.0,22.28
Gemma 27B,yesno,11,com_cot,A100,30,60,50,78.0,100.0,22.0,0.0,4.512820512820513
Gemma 27B,yesno,11,com_cot,A100,60,60,50,56.00000000000001,100.0,44.0,0.0,7.892857142857143
Gemma 27B,yesno,11,com_cot,A100,90,60,50,52.0,100.0,48.0,0.0,12.5
Gemma 27B,yesno,11,com_cot,A100,120,60,50,50.0,100.0,50.0,0.0,16.04
Gemma 27B,yesno,11,com_cot,A100,30,65,50,96.0,100.0,4.0,0.0,2.4166666666666665
Gemma 27B,yesno,11,com_cot,A100,60,65,50,66.0,100.0,34.0,0.0,4.151515151515151
Gemma 27B,yesno,11,com_cot,A100,90,65,50,76.0,100.0,24.0,0.0,5.7894736842105265
Gemma 27B,yesno,11,com_cot,A100,120,65,50,57.99999999999999,98.0,40.0,2.0,8.620689655172415
Gemma 27B,yesno,11,com_cot,A100,30,70,50,100.0,100.0,0.0,0.0,1.94
Gemma 27B,yesno,11,com_cot,A100,60,70,50,84.0,100.0,16.0,0.0,2.5
Gemma 27B,yesno,11,com_cot,A100,90,70,50,88.0,100.0,12.0,0.0,3.6136363636363638
Gemma 27B,yesno,11,com_cot,A100,120,70,50,76.0,100.0,24.0,0.0,4.052631578947368
Gemma 27B,yesno,11,only_token,A100,30,51,50,34.0,50.0,16.0,50.0,3.823529411764706
Gemma 27B,yesno,11,only_token,A100,60,51,50,24.0,36.0,12.0,64.0,5.833333333333333
Gemma 27B,yesno,11,only_token,A100,90,51,50,6.0,16.0,10.0,84.0,9.666666666666666
Gemma 27B,yesno,11,only_token,A100,120,51,50,8.0,8.0,0.0,92.0,6.75
Gemma 27B,yesno,11,only_token,A100,30,55,50,38.0,50.0,12.0,50.0,3.4210526315789473
Gemma 27B,yesno,11,only_token,A100,60,55,50,38.0,44.0,6.0,56.00000000000001,5.105263157894737
Gemma 27B,yesno,11,only_token,A100,90,55,50,22.0,28.000000000000004,6.0,72.0,5.0
Gemma 27B,yesno,11,only_token,A100,120,55,50,22.0,22.0,0.0,78.0,6.2727272727272725
Gemma 27B,yesno,11,only_token,A100,30,60,50,44.0,52.0,8.0,48.0,2.6818181818181817
Gemma 27B,yesno,11,only_token,A100,60,60,50,40.0,42.0,2.0,57.99999999999999,4.1
Gemma 27B,yesno,11,only_token,A100,90,60,50,38.0,38.0,0.0,62.0,3.8947368421052633
Gemma 27B,yesno,11,only_token,A100,120,60,50,32.0,32.0,0.0,68.0,5.1875
Gemma 27B,yesno,11,only_token,A100,30,65,50,48.0,48.0,0.0,52.0,1.7083333333333333
Gemma 27B,yesno,11,only_token,A100,60,65,50,48.0,48.0,0.0,52.0,3.1666666666666665
Gemma 27B,yesno,11,only_token,A100,90,65,50,40.0,40.0,0.0,60.0,2.7
Gemma 27B,yesno,11,only_token,A100,120,65,50,40.0,40.0,0.0,60.0,4.1
Gemma 27B,yesno,11,only_token,A100,30,70,50,50.0,50.0,0.0,50.0,1.4
Gemma 27B,yesno,11,only_token,A100,60,70,50,50.0,50.0,0.0,50.0,2.28
Gemma 27B,yesno,11,only_token,A100,90,70,50,48.0,48.0,0.0,52.0,2.375
Gemma 27B,yesno,11,only_token,A100,120,70,50,42.0,42.0,0.0,57.99999999999999,2.857142857142857
Gemma 27B,łþ,7,com_cot,A100,30,51,50,0.0,0.0,0.0,100.0,
Gemma 27B,łþ,7,com_cot,A100,60,51,50,0.0,0.0,0.0,100.0,
Gemma 27B,łþ,7,com_cot,A100,90,51,50,0.0,0.0,0.0,100.0,
Gemma 27B,łþ,7,com_cot,A100,120,51,50,0.0,0.0,0.0,100.0,
Gemma 27B,łþ,7,com_cot,A100,30,55,50,2.0,2.0,0.0,98.0,3.0
Gemma 27B,łþ,7,com_cot,A100,60,55,50,0.0,0.0,0.0,100.0,
Gemma 27B,łþ,7,com_cot,A100,90,55,50,0.0,0.0,0.0,100.0,
Gemma 27B,łþ,7,com_cot,A100,120,55,50,0.0,0.0,0.0,100.0,
Gemma 27B,łþ,7,com_cot,A100,30,60,50,8.0,8.0,0.0,92.0,2.5
Gemma 27B,łþ,7,com_cot,A100,60,60,50,0.0,0.0,0.0,100.0,
Gemma 27B,łþ,7,com_cot,A100,90,60,50,0.0,0.0,0.0,100.0,
Gemma 27B,łþ,7,com_cot,A100,120,60,50,0.0,0.0,0.0,100.0,
Gemma 27B,łþ,7,com_cot,A100,30,65,50,36.0,36.0,0.0,64.0,2.1666666666666665
Gemma 27B,łþ,7,com_cot,A100,60,65,50,14.000000000000002,14.000000000000002,0.0,86.0,2.857142857142857
Gemma 27B,łþ,7,com_cot,A100,90,65,50,6.0,6.0,0.0,94.0,2.6666666666666665
Gemma 27B,łþ,7,com_cot,A100,120,65,50,0.0,0.0,0.0,100.0,
Gemma 27B,łþ,7,com_cot,A100,30,70,50,57.99999999999999,57.99999999999999,0.0,42.0,1.8275862068965518
Gemma 27B,łþ,7,com_cot,A100,60,70,50,44.0,44.0,0.0,56.00000000000001,2.3636363636363638
Gemma 27B,łþ,7,com_cot,A100,90,70,50,20.0,20.0,0.0,80.0,2.3
Gemma 27B,łþ,7,com_cot,A100,120,70,50,2.0,2.0,0.0,98.0,4.0
Gemma 27B,łþ,7,only_token,A100,30,51,50,2.0,2.0,0.0,98.0,3.0
Gemma 27B,łþ,7,only_token,A100,60,51,50,0.0,0.0,0.0,100.0,
Gemma 27B,łþ,7,only_token,A100,90,51,50,0.0,0.0,0.0,100.0,
Gemma 27B,łþ,7,only_token,A100,120,51,50,0.0,0.0,0.0,100.0,
Gemma 27B,łþ,7,only_token,A100,30,55,50,4.0,4.0,0.0,96.0,2.0
Gemma 27B,łþ,7,only_token,A100,60,55,50,0.0,0.0,0.0,100.0,
Gemma 27B,łþ,7,only_token,A100,90,55,50,0.0,0.0,0.0,100.0,
Gemma 27B,łþ,7,only_token,A100,120,55,50,0.0,0.0,0.0,100.0,
Gemma 27B,łþ,7,only_token,A100,30,60,50,8.0,8.0,0.0,92.0,2.0
Gemma 27B,łþ,7,only_token,A100,60,60,50,0.0,0.0,0.0,100.0,
Gemma 27B,łþ,7,only_token,A100,90,60,50,0.0,0.0,0.0,100.0,
Gemma 27B,łþ,7,only_token,A100,120,60,50,0.0,0.0,0.0,100.0,
Gemma 27B,łþ,7,only_token,A100,30,65,50,34.0,34.0,0.0,66.0,1.8823529411764706
Gemma 27B,łþ,7,only_token,A100,60,65,50,12.0,12.0,0.0,88.0,2.3333333333333335
Gemma 27B,łþ,7,only_token,A100,90,65,50,4.0,4.0,0.0,96.0,2.5
Gemma 27B,łþ,7,only_token,A100,120,65,50,0.0,0.0,0.0,100.0,
Gemma 27B,łþ,7,only_token,A100,30,70,50,54.0,54.0,0.0,46.0,1.5555555555555556
Gemma 27B,łþ,7,only_token,A100,60,70,50,28.000000000000004,28.000000000000004,0.0,72.0,2.0714285714285716
Gemma 27B,łþ,7,only_token,A100,90,70,50,12.0,12.0,0.0,88.0,2.3333333333333335
Gemma 27B,łþ,7,only_token,A100,120,70,50,2.0,2.0,0.0,98.0,2.0
Gemma 27B,łþ,9,com_cot,A100,30,51,50,2.0,2.0,0.0,98.0,4.0
Gemma 27B,łþ,9,com_cot,A100,60,51,50,0.0,0.0,0.0,100.0,
Gemma 27B,łþ,9,com_cot,A100,90,51,50,0.0,0.0,0.0,100.0,
Gemma 27B,łþ,9,com_cot,A100,120,51,50,0.0,0.0,0.0,100.0,
Gemma 27B,łþ,9,com_cot,A100,30,55,50,10.0,10.0,0.0,90.0,3.2
Gemma 27B,łþ,9,com_cot,A100,60,55,50,0.0,0.0,0.0,100.0,
Gemma 27B,łþ,9,com_cot,A100,90,55,50,0.0,0.0,0.0,100.0,
Gemma 27B,łþ,9,com_cot,A100,120,55,50,0.0,0.0,0.0,100.0,
Gemma 27B,łþ,9,com_cot,A100,30,60,50,32.0,32.0,0.0,68.0,3.0625
Gemma 27B,łþ,9,com_cot,A100,60,60,50,4.0,4.0,0.0,96.0,3.0
Gemma 27B,łþ,9,com_cot,A100,90,60,50,0.0,0.0,0.0,100.0,
Gemma 27B,łþ,9,com_cot,A100,120,60,50,0.0,0.0,0.0,100.0,
Gemma 27B,łþ,9,com_cot,A100,30,65,50,68.0,68.0,0.0,32.0,2.176470588235294
Gemma 27B,łþ,9,com_cot,A100,60,65,50,30.0,30.0,0.0,70.0,2.7333333333333334
Gemma 27B,łþ,9,com_cot,A100,90,65,50,14.000000000000002,14.000000000000002,0.0,86.0,2.7142857142857144
Gemma 27B,łþ,9,com_cot,A100,120,65,50,2.0,2.0,0.0,98.0,3.0
Gemma 27B,łþ,9,com_cot,A100,30,70,50,84.0,84.0,0.0,16.0,1.9285714285714286
Gemma 27B,łþ,9,com_cot,A100,60,70,50,62.0,62.0,0.0,38.0,2.3548387096774195
Gemma 27B,łþ,9,com_cot,A100,90,70,50,42.0,42.0,0.0,57.99999999999999,2.5238095238095237
Gemma 27B,łþ,9,com_cot,A100,120,70,50,30.0,30.0,0.0,70.0,2.933333333333333
Gemma 27B,łþ,9,only_token,A100,30,51,50,0.0,0.0,0.0,100.0,
Gemma 27B,łþ,9,only_token,A100,60,51,50,0.0,0.0,0.0,100.0,
Gemma 27B,łþ,9,only_token,A100,90,51,50,0.0,0.0,0.0,100.0,
Gemma 27B,łþ,9,only_token,A100,120,51,50,0.0,0.0,0.0,100.0,
Gemma 27B,łþ,9,only_token,A100,30,55,50,2.0,2.0,0.0,98.0,1.0
Gemma 27B,łþ,9,only_token,A100,60,55,50,0.0,0.0,0.0,100.0,
Gemma 27B,łþ,9,only_token,A100,90,55,50,0.0,0.0,0.0,100.0,
Gemma 27B,łþ,9,only_token,A100,120,55,50,0.0,0.0,0.0,100.0,
Gemma 27B,łþ,9,only_token,A100,30,60,50,12.0,12.0,0.0,88.0,1.6666666666666667
Gemma 27B,łþ,9,only_token,A100,60,60,50,6.0,6.0,0.0,94.0,3.3333333333333335
Gemma 27B,łþ,9,only_token,A100,90,60,50,0.0,0.0,0.0,100.0,
Gemma 27B,łþ,9,only_token,A100,120,60,50,0.0,0.0,0.0,100.0,
Gemma 27B,łþ,9,only_token,A100,30,65,50,60.0,60.0,0.0,40.0,2.1333333333333333
Gemma 27B,łþ,9,only_token,A100,60,65,50,24.0,24.0,0.0,76.0,2.5
Gemma 27B,łþ,9,only_token,A100,90,65,50,8.0,8.0,0.0,92.0,2.5
Gemma 27B,łþ,9,only_token,A100,120,65,50,2.0,2.0,0.0,98.0,3.0
Gemma 27B,łþ,9,only_token,A100,30,70,50,72.0,72.0,0.0,28.000000000000004,1.75
Gemma 27B,łþ,9,only_token,A100,60,70,50,44.0,44.0,0.0,56.00000000000001,2.0454545454545454
Gemma 27B,łþ,9,only_token,A100,90,70,50,24.0,24.0,0.0,76.0,2.4166666666666665
Gemma 27B,łþ,9,only_token,A100,120,70,50,8.0,8.0,0.0,92.0,2.5
Gemma 27B,łþ,11,com_cot,A100,30,51,50,57.99999999999999,100.0,42.0,0.0,9.96551724137931
Gemma 27B,łþ,11,com_cot,A100,60,51,50,50.0,100.0,50.0,0.0,23.32
Gemma 27B,łþ,11,com_cot,A100,90,51,50,50.0,100.0,50.0,0.0,27.28
Gemma 27B,łþ,11,com_cot,A100,120,51,50,50.0,100.0,50.0,0.0,34.0
Gemma 27B,łþ,11,com_cot,A100,30,55,50,68.0,100.0,32.0,0.0,6.529411764705882
Gemma 27B,łþ,11,com_cot,A100,60,55,50,54.0,100.0,46.0,0.0,16.666666666666668
Gemma 27B,łþ,11,com_cot,A100,90,55,50,52.0,100.0,48.0,0.0,20.0
Gemma 27B,łþ,11,com_cot,A100,120,55,50,50.0,100.0,50.0,0.0,25.68
Gemma 27B,łþ,11,com_cot,A100,30,60,50,76.0,100.0,24.0,0.0,4.078947368421052
Gemma 27B,łþ,11,com_cot,A100,60,60,50,68.0,100.0,32.0,0.0,8.176470588235293
Gemma 27B,łþ,11,com_cot,A100,90,60,50,56.00000000000001,100.0,44.0,0.0,11.035714285714286
Gemma 27B,łþ,11,com_cot,A100,120,60,50,50.0,100.0,50.0,0.0,15.56
Gemma 27B,łþ,11,com_cot,A100,30,65,50,96.0,100.0,4.0,0.0,2.1666666666666665
Gemma 27B,łþ,11,com_cot,A100,60,65,50,84.0,100.0,16.0,0.0,4.738095238095238
Gemma 27B,łþ,11,com_cot,A100,90,65,50,72.0,100.0,28.000000000000004,0.0,5.916666666666667
Gemma 27B,łþ,11,com_cot,A100,120,65,50,66.0,100.0,34.0,0.0,8.666666666666666
Gemma 27B,łþ,11,com_cot,A100,30,70,50,98.0,100.0,2.0,0.0,1.7959183673469388
Gemma 27B,łþ,11,com_cot,A100,60,70,50,90.0,100.0,10.0,0.0,3.0
Gemma 27B,łþ,11,com_cot,A100,90,70,50,86.0,100.0,14.000000000000002,0.0,3.395348837209302
Gemma 27B,łþ,11,com_cot,A100,120,70,50,86.0,100.0,14.000000000000002,0.0,4.674418604651163
Gemma 27B,łþ,11,only_token,A100,30,51,50,4.0,4.0,0.0,96.0,3.0
Gemma 27B,łþ,11,only_token,A100,60,51,50,0.0,0.0,0.0,100.0,
Gemma 27B,łþ,11,only_token,A100,90,51,50,0.0,0.0,0.0,100.0,
Gemma 27B,łþ,11,only_token,A100,120,51,50,0.0,0.0,0.0,100.0,
Gemma 27B,łþ,11,only_token,A100,30,55,50,6.0,6.0,0.0,94.0,2.3333333333333335
Gemma 27B,łþ,11,only_token,A100,60,55,50,0.0,0.0,0.0,100.0,
Gemma 27B,łþ,11,only_token,A100,90,55,50,0.0,0.0,0.0,100.0,
Gemma 27B,łþ,11,only_token,A100,120,55,50,0.0,0.0,0.0,100.0,
Gemma 27B,łþ,11,only_token,A100,30,60,50,28.000000000000004,28.000000000000004,0.0,72.0,2.5
Gemma 27B,łþ,11,only_token,A100,60,60,50,4.0,4.0,0.0,96.0,2.5
Gemma 27B,łþ,11,only_token,A100,90,60,50,2.0,2.0,0.0,98.0,3.0
Gemma 27B,łþ,11,only_token,A100,120,60,50,0.0,0.0,0.0,100.0,
Gemma 27B,łþ,11,only_token,A100,30,65,50,74.0,74.0,0.0,26.0,1.837837837837838
Gemma 27B,łþ,11,only_token,A100,60,65,50,30.0,30.0,0.0,70.0,2.3333333333333335
Gemma 27B,łþ,11,only_token,A100,90,65,50,18.0,18.0,0.0,82.0,2.6666666666666665
Gemma 27B,łþ,11,only_token,A100,120,65,50,0.0,0.0,0.0,100.0,
Gemma 27B,łþ,11,only_token,A100,30,70,50,84.0,84.0,0.0,16.0,1.5714285714285714
Gemma 27B,łþ,11,only_token,A100,60,70,50,57.99999999999999,57.99999999999999,0.0,42.0,1.8275862068965518
Gemma 27B,łþ,11,only_token,A100,90,70,50,40.0,40.0,0.0,60.0,2.15
Gemma 27B,łþ,11,only_token,A100,120,70,50,24.0,24.0,0.0,76.0,2.3333333333333335
Gemma 27B,αβ,7,com_cot,A100,30,51,50,0.0,0.0,0.0,100.0,
Gemma 27B,αβ,7,com_cot,A100,60,51,50,0.0,0.0,0.0,100.0,
Gemma 27B,αβ,7,com_cot,A100,90,51,50,0.0,0.0,0.0,100.0,
Gemma 27B,αβ,7,com_cot,A100,120,51,50,0.0,0.0,0.0,100.0,
Gemma 27B,αβ,7,com_cot,A100,30,55,50,2.0,2.0,0.0,98.0,3.0
Gemma 27B,αβ,7,com_cot,A100,60,55,50,0.0,0.0,0.0,100.0,
Gemma 27B,αβ,7,com_cot,A100,90,55,50,0.0,0.0,0.0,100.0,
Gemma 27B,αβ,7,com_cot,A100,120,55,50,0.0,0.0,0.0,100.0,
Gemma 27B,αβ,7,com_cot,A100,30,60,50,12.0,12.0,0.0,88.0,2.6666666666666665
Gemma 27B,αβ,7,com_cot,A100,60,60,50,0.0,0.0,0.0,100.0,
Gemma 27B,αβ,7,com_cot,A100,90,60,50,0.0,0.0,0.0,100.0,
Gemma 27B,αβ,7,com_cot,A100,120,60,50,0.0,0.0,0.0,100.0,
Gemma 27B,αβ,7,com_cot,A100,30,65,50,44.0,44.0,0.0,56.00000000000001,2.090909090909091
Gemma 27B,αβ,7,com_cot,A100,60,65,50,16.0,16.0,0.0,84.0,2.625
Gemma 27B,αβ,7,com_cot,A100,90,65,50,6.0,6.0,0.0,94.0,2.3333333333333335
Gemma 27B,αβ,7,com_cot,A100,120,65,50,0.0,0.0,0.0,100.0,
Gemma 27B,αβ,7,com_cot,A100,30,70,50,64.0,64.0,0.0,36.0,1.75
Gemma 27B,αβ,7,com_cot,A100,60,70,50,46.0,46.0,0.0,54.0,2.3043478260869565
Gemma 27B,αβ,7,com_cot,A100,90,70,50,20.0,20.0,0.0,80.0,2.1
Gemma 27B,αβ,7,com_cot,A100,120,70,50,2.0,2.0,0.0,98.0,4.0
Gemma 27B,αβ,7,only_token,A100,30,51,50,2.0,2.0,0.0,98.0,3.0
Gemma 27B,αβ,7,only_token,A100,60,51,50,0.0,0.0,0.0,100.0,
Gemma 27B,αβ,7,only_token,A100,90,51,50,0.0,0.0,0.0,100.0,
Gemma 27B,αβ,7,only_token,A100,120,51,50,0.0,0.0,0.0,100.0,
Gemma 27B,αβ,7,only_token,A100,30,55,50,4.0,4.0,0.0,96.0,2.0
Gemma 27B,αβ,7,only_token,A100,60,55,50,0.0,0.0,0.0,100.0,
Gemma 27B,αβ,7,only_token,A100,90,55,50,0.0,0.0,0.0,100.0,
Gemma 27B,αβ,7,only_token,A100,120,55,50,0.0,0.0,0.0,100.0,
Gemma 27B,αβ,7,only_token,A100,30,60,50,8.0,8.0,0.0,92.0,2.25
Gemma 27B,αβ,7,only_token,A100,60,60,50,2.0,2.0,0.0,98.0,5.0
Gemma 27B,αβ,7,only_token,A100,90,60,50,0.0,0.0,0.0,100.0,
Gemma 27B,αβ,7,only_token,A100,120,60,50,0.0,0.0,0.0,100.0,
Gemma 27B,αβ,7,only_token,A100,30,65,50,28.000000000000004,28.000000000000004,0.0,72.0,2.0
Gemma 27B,αβ,7,only_token,A100,60,65,50,12.0,12.0,0.0,88.0,2.5
Gemma 27B,αβ,7,only_token,A100,90,65,50,4.0,4.0,0.0,96.0,3.0
Gemma 27B,αβ,7,only_token,A100,120,65,50,0.0,0.0,0.0,100.0,
Gemma 27B,αβ,7,only_token,A100,30,70,50,48.0,48.0,0.0,52.0,1.7916666666666667
Gemma 27B,αβ,7,only_token,A100,60,70,50,24.0,24.0,0.0,76.0,2.0833333333333335
Gemma 27B,αβ,7,only_token,A100,90,70,50,16.0,16.0,0.0,84.0,2.75
Gemma 27B,αβ,7,only_token,A100,120,70,50,4.0,4.0,0.0,96.0,2.0
Gemma 27B,αβ,9,com_cot,A100,30,51,50,50.0,100.0,50.0,0.0,8.72
Gemma 27B,αβ,9,com_cot,A100,60,51,50,50.0,100.0,50.0,0.0,15.8
Gemma 27B,αβ,9,com_cot,A100,90,51,50,50.0,100.0,50.0,0.0,22.36
Gemma 27B,αβ,9,com_cot,A100,120,51,50,50.0,100.0,50.0,0.0,23.8
Gemma 27B,αβ,9,com_cot,A100,30,55,50,54.0,100.0,46.0,0.0,6.666666666666667
Gemma 27B,αβ,9,com_cot,A100,60,55,50,50.0,100.0,50.0,0.0,12.88
Gemma 27B,αβ,9,com_cot,A100,90,55,50,50.0,100.0,50.0,0.0,13.16
Gemma 27B,αβ,9,com_cot,A100,120,55,50,50.0,100.0,50.0,0.0,18.2
Gemma 27B,αβ,9,com_cot,A100,30,60,50,57.99999999999999,100.0,42.0,0.0,4.551724137931035
Gemma 27B,αβ,9,com_cot,A100,60,60,50,52.0,100.0,48.0,0.0,8.26923076923077
Gemma 27B,αβ,9,com_cot,A100,90,60,50,50.0,100.0,50.0,0.0,9.4
Gemma 27B,αβ,9,com_cot,A100,120,60,50,50.0,100.0,50.0,0.0,13.04
Gemma 27B,αβ,9,com_cot,A100,30,65,50,70.0,94.0,24.0,6.0,2.1714285714285713
Gemma 27B,αβ,9,com_cot,A100,60,65,50,64.0,100.0,36.0,0.0,4.90625
Gemma 27B,αβ,9,com_cot,A100,90,65,50,54.0,98.0,44.0,2.0,5.777777777777778
Gemma 27B,αβ,9,com_cot,A100,120,65,50,50.0,100.0,50.0,0.0,7.92
Gemma 27B,αβ,9,com_cot,A100,30,70,50,84.0,96.0,12.0,4.0,1.619047619047619
Gemma 27B,αβ,9,com_cot,A100,60,70,50,74.0,98.0,24.0,2.0,2.7837837837837838
Gemma 27B,αβ,9,com_cot,A100,90,70,50,66.0,100.0,34.0,0.0,3.4242424242424243
Gemma 27B,αβ,9,com_cot,A100,120,70,50,56.00000000000001,94.0,38.0,6.0,5.214285714285714
Gemma 27B,αβ,9,only_token,A100,30,51,50,0.0,0.0,0.0,100.0,
Gemma 27B,αβ,9,only_token,A100,60,51,50,0.0,0.0,0.0,100.0,
Gemma 27B,αβ,9,only_token,A100,90,51,50,0.0,0.0,0.0,100.0,
Gemma 27B,αβ,9,only_token,A100,120,51,50,0.0,0.0,0.0,100.0,
Gemma 27B,αβ,9,only_token,A100,30,55,50,2.0,2.0,0.0,98.0,2.0
Gemma 27B,αβ,9,only_token,A100,60,55,50,0.0,0.0,0.0,100.0,
Gemma 27B,αβ,9,only_token,A100,90,55,50,0.0,0.0,0.0,100.0,
Gemma 27B,αβ,9,only_token,A100,120,55,50,0.0,0.0,0.0,100.0,
Gemma 27B,αβ,9,only_token,A100,30,60,50,8.0,8.0,0.0,92.0,2.0
Gemma 27B,αβ,9,only_token,A100,60,60,50,4.0,4.0,0.0,96.0,2.5
Gemma 27B,αβ,9,only_token,A100,90,60,50,0.0,0.0,0.0,100.0,
Gemma 27B,αβ,9,only_token,A100,120,60,50,0.0,0.0,0.0,100.0,
Gemma 27B,αβ,9,only_token,A100,30,65,50,40.0,40.0,0.0,60.0,2.15
Gemma 27B,αβ,9,only_token,A100,60,65,50,18.0,18.0,0.0,82.0,2.3333333333333335
Gemma 27B,αβ,9,only_token,A100,90,65,50,6.0,6.0,0.0,94.0,2.0
Gemma 27B,αβ,9,only_token,A100,120,65,50,0.0,0.0,0.0,100.0,
Gemma 27B,αβ,9,only_token,A100,30,70,50,56.00000000000001,56.00000000000001,0.0,44.0,1.6785714285714286
Gemma 27B,αβ,9,only_token,A100,60,70,50,40.0,40.0,0.0,60.0,2.15
Gemma 27B,αβ,9,only_token,A100,90,70,50,16.0,16.0,0.0,84.0,2.5
Gemma 27B,αβ,9,only_token,A100,120,70,50,6.0,6.0,0.0,94.0,2.0
Gemma 27B,αβ,11,com_cot,A100,30,51,50,10.0,10.0,0.0,90.0,3.0
Gemma 27B,αβ,11,com_cot,A100,60,51,50,0.0,0.0,0.0,100.0,
Gemma 27B,αβ,11,com_cot,A100,90,51,50,0.0,0.0,0.0,100.0,
Gemma 27B,αβ,11,com_cot,A100,120,51,50,0.0,0.0,0.0,100.0,
Gemma 27B,αβ,11,com_cot,A100,30,55,50,20.0,20.0,0.0,80.0,3.2
Gemma 27B,αβ,11,com_cot,A100,60,55,50,4.0,4.0,0.0,96.0,3.5
Gemma 27B,αβ,11,com_cot,A100,90,55,50,0.0,0.0,0.0,100.0,
Gemma 27B,αβ,11,com_cot,A100,120,55,50,0.0,0.0,0.0,100.0,
Gemma 27B,αβ,11,com_cot,A100,30,60,50,48.0,48.0,0.0,52.0,2.625
Gemma 27B,αβ,11,com_cot,A100,60,60,50,18.0,18.0,0.0,82.0,2.6666666666666665
Gemma 27B,αβ,11,com_cot,A100,90,60,50,4.0,4.0,0.0,96.0,3.0
Gemma 27B,αβ,11,com_cot,A100,120,60,50,0.0,0.0,0.0,100.0,
Gemma 27B,αβ,11,com_cot,A100,30,65,50,88.0,88.0,0.0,12.0,1.9545454545454546
Gemma 27B,αβ,11,com_cot,A100,60,65,50,56.00000000000001,56.00000000000001,0.0,44.0,2.5
Gemma 27B,αβ,11,com_cot,A100,90,65,50,34.0,34.0,0.0,66.0,2.5294117647058822
Gemma 27B,αβ,11,com_cot,A100,120,65,50,12.0,12.0,0.0,88.0,3.0
Gemma 27B,αβ,11,com_cot,A100,30,70,50,96.0,96.0,0.0,4.0,1.6666666666666667
Gemma 27B,αβ,11,com_cot,A100,60,70,50,82.0,82.0,0.0,18.0,2.1951219512195124
Gemma 27B,αβ,11,com_cot,A100,90,70,50,64.0,64.0,0.0,36.0,2.4375
Gemma 27B,αβ,11,com_cot,A100,120,70,50,57.99999999999999,57.99999999999999,0.0,42.0,2.793103448275862
Gemma 27B,αβ,11,only_token,A100,30,51,50,2.0,2.0,0.0,98.0,3.0
Gemma 27B,αβ,11,only_token,A100,60,51,50,0.0,0.0,0.0,100.0,
Gemma 27B,αβ,11,only_token,A100,90,51,50,0.0,0.0,0.0,100.0,
Gemma 27B,αβ,11,only_token,A100,120,51,50,0.0,0.0,0.0,100.0,
Gemma 27B,αβ,11,only_token,A100,30,55,50,8.0,8.0,0.0,92.0,2.75
Gemma 27B,αβ,11,only_token,A100,60,55,50,0.0,0.0,0.0,100.0,
Gemma 27B,αβ,11,only_token,A100,90,55,50,0.0,0.0,0.0,100.0,
Gemma 27B,αβ,11,only_token,A100,120,55,50,0.0,0.0,0.0,100.0,
Gemma 27B,αβ,11,only_token,A100,30,60,50,22.0,22.0,0.0,78.0,2.5454545454545454
Gemma 27B,αβ,11,only_token,A100,60,60,50,6.0,6.0,0.0,94.0,3.0
Gemma 27B,αβ,11,only_token,A100,90,60,50,4.0,4.0,0.0,96.0,2.5
Gemma 27B,αβ,11,only_token,A100,120,60,50,0.0,0.0,0.0,100.0,
Gemma 27B,αβ,11,only_token,A100,30,65,50,70.0,70.0,0.0,30.0,1.9714285714285715
Gemma 27B,αβ,11,only_token,A100,60,65,50,28.000000000000004,28.000000000000004,0.0,72.0,2.142857142857143
Gemma 27B,αβ,11,only_token,A100,90,65,50,18.0,18.0,0.0,82.0,2.7777777777777777
Gemma 27B,αβ,11,only_token,A100,120,65,50,4.0,4.0,0.0,96.0,3.5
Gemma 27B,αβ,11,only_token,A100,30,70,50,82.0,82.0,0.0,18.0,1.6829268292682926
Gemma 27B,αβ,11,only_token,A100,60,70,50,57.99999999999999,57.99999999999999,0.0,42.0,2.0689655172413794
Gemma 27B,αβ,11,only_token,A100,90,70,50,34.0,34.0,0.0,66.0,2.1176470588235294
Gemma 27B,αβ,11,only_token,A100,120,70,50,22.0,22.0,0.0,78.0,2.5454545454545454
Gemma 27B,⊕⊖,7,com_cot,A100,30,51,50,0.0,0.0,0.0,100.0,
Gemma 27B,⊕⊖,7,com_cot,A100,60,51,50,0.0,0.0,0.0,100.0,
Gemma 27B,⊕⊖,7,com_cot,A100,90,51,50,0.0,0.0,0.0,100.0,
Gemma 27B,⊕⊖,7,com_cot,A100,120,51,50,0.0,0.0,0.0,100.0,
Gemma 27B,⊕⊖,7,com_cot,A100,30,55,50,4.0,4.0,0.0,96.0,3.0
Gemma 27B,⊕⊖,7,com_cot,A100,60,55,50,0.0,0.0,0.0,100.0,
Gemma 27B,⊕⊖,7,com_cot,A100,90,55,50,0.0,0.0,0.0,100.0,
Gemma 27B,⊕⊖,7,com_cot,A100,120,55,50,0.0,0.0,0.0,100.0,
Gemma 27B,⊕⊖,7,com_cot,A100,30,60,50,10.0,10.0,0.0,90.0,2.6
Gemma 27B,⊕⊖,7,com_cot,A100,60,60,50,0.0,0.0,0.0,100.0,
Gemma 27B,⊕⊖,7,com_cot,A100,90,60,50,0.0,0.0,0.0,100.0,
Gemma 27B,⊕⊖,7,com_cot,A100,120,60,50,0.0,0.0,0.0,100.0,
Gemma 27B,⊕⊖,7,com_cot,A100,30,65,50,48.0,48.0,0.0,52.0,2.1666666666666665
Gemma 27B,⊕⊖,7,com_cot,A100,60,65,50,18.0,18.0,0.0,82.0,2.6666666666666665
Gemma 27B,⊕⊖,7,com_cot,A100,90,65,50,6.0,6.0,0.0,94.0,3.0
Gemma 27B,⊕⊖,7,com_cot,A100,120,65,50,0.0,0.0,0.0,100.0,
Gemma 27B,⊕⊖,7,com_cot,A100,30,70,50,68.0,68.0,0.0,32.0,1.8529411764705883
Gemma 27B,⊕⊖,7,com_cot,A100,60,70,50,42.0,42.0,0.0,57.99999999999999,2.2857142857142856
Gemma 27B,⊕⊖,7,com_cot,A100,90,70,50,18.0,18.0,0.0,82.0,2.4444444444444446
Gemma 27B,⊕⊖,7,com_cot,A100,120,70,50,6.0,6.0,0.0,94.0,3.0
Gemma 27B,⊕⊖,7,only_token,A100,30,51,50,50.0,100.0,50.0,0.0,2.92
Gemma 27B,⊕⊖,7,only_token,A100,60,51,50,50.0,100.0,50.0,0.0,4.28
Gemma 27B,⊕⊖,7,only_token,A100,90,51,50,50.0,100.0,50.0,0.0,5.4
Gemma 27B,⊕⊖,7,only_token,A100,120,51,50,50.0,100.0,50.0,0.0,6.96
Gemma 27B,⊕⊖,7,only_token,A100,30,55,50,50.0,100.0,50.0,0.0,2.76
Gemma 27B,⊕⊖,7,only_token,A100,60,55,50,50.0,100.0,50.0,0.0,3.72
Gemma 27B,⊕⊖,7,only_token,A100,90,55,50,50.0,100.0,50.0,0.0,4.6
Gemma 27B,⊕⊖,7,only_token,A100,120,55,50,50.0,100.0,50.0,0.0,5.6
Gemma 27B,⊕⊖,7,only_token,A100,30,60,50,50.0,100.0,50.0,0.0,2.56
Gemma 27B,⊕⊖,7,only_token,A100,60,60,50,50.0,100.0,50.0,0.0,3.12
Gemma 27B,⊕⊖,7,only_token,A100,90,60,50,50.0,100.0,50.0,0.0,3.76
Gemma 27B,⊕⊖,7,only_token,A100,120,60,50,50.0,100.0,50.0,0.0,4.52
Gemma 27B,⊕⊖,7,only_token,A100,30,65,50,50.0,100.0,50.0,0.0,1.96
Gemma 27B,⊕⊖,7,only_token,A100,60,65,50,50.0,100.0,50.0,0.0,2.36
Gemma 27B,⊕⊖,7,only_token,A100,90,65,50,50.0,100.0,50.0,0.0,2.76
Gemma 27B,⊕⊖,7,only_token,A100,120,65,50,50.0,100.0,50.0,0.0,3.2
Gemma 27B,⊕⊖,7,only_token,A100,30,70,50,50.0,100.0,50.0,0.0,1.6
Gemma 27B,⊕⊖,7,only_token,A100,60,70,50,50.0,100.0,50.0,0.0,1.88
Gemma 27B,⊕⊖,7,only_token,A100,90,70,50,50.0,100.0,50.0,0.0,2.44
Gemma 27B,⊕⊖,7,only_token,A100,120,70,50,50.0,100.0,50.0,0.0,2.32
Gemma 27B,⊕⊖,9,com_cot,A100,30,51,50,56.00000000000001,100.0,44.0,0.0,10.857142857142858
Gemma 27B,⊕⊖,9,com_cot,A100,60,51,50,50.0,100.0,50.0,0.0,20.68
Gemma 27B,⊕⊖,9,com_cot,A100,90,51,50,50.0,100.0,50.0,0.0,27.56
Gemma 27B,⊕⊖,9,com_cot,A100,120,51,50,50.0,100.0,50.0,0.0,31.4
Gemma 27B,⊕⊖,9,com_cot,A100,30,55,50,57.99999999999999,100.0,42.0,0.0,8.241379310344827
Gemma 27B,⊕⊖,9,com_cot,A100,60,55,50,50.0,100.0,50.0,0.0,16.44
Gemma 27B,⊕⊖,9,com_cot,A100,90,55,50,50.0,100.0,50.0,0.0,19.8
Gemma 27B,⊕⊖,9,com_cot,A100,120,55,50,50.0,100.0,50.0,0.0,23.96
Gemma 27B,⊕⊖,9,com_cot,A100,30,60,50,70.0,100.0,30.0,0.0,4.942857142857143
Gemma 27B,⊕⊖,9,com_cot,A100,60,60,50,56.00000000000001,100.0,44.0,0.0,9.785714285714286
Gemma 27B,⊕⊖,9,com_cot,A100,90,60,50,52.0,100.0,48.0,0.0,13.5
Gemma 27B,⊕⊖,9,com_cot,A100,120,60,50,50.0,100.0,50.0,0.0,16.16
Gemma 27B,⊕⊖,9,com_cot,A100,30,65,50,88.0,100.0,12.0,0.0,2.5454545454545454
Gemma 27B,⊕⊖,9,com_cot,A100,60,65,50,76.0,100.0,24.0,0.0,5.894736842105263
Gemma 27B,⊕⊖,9,com_cot,A100,90,65,50,64.0,100.0,36.0,0.0,6.8125
Gemma 27B,⊕⊖,9,com_cot,A100,120,65,50,52.0,100.0,48.0,0.0,11.038461538461538
Gemma 27B,⊕⊖,9,com_cot,A100,30,70,50,92.0,100.0,8.0,0.0,1.9565217391304348
Gemma 27B,⊕⊖,9,com_cot,A100,60,70,50,82.0,100.0,18.0,0.0,3.4146341463414633
Gemma 27B,⊕⊖,9,com_cot,A100,90,70,50,80.0,100.0,20.0,0.0,4.175
Gemma 27B,⊕⊖,9,com_cot,A100,120,70,50,76.0,100.0,24.0,0.0,5.7631578947368425
Gemma 27B,⊕⊖,9,only_token,A100,30,51,50,50.0,100.0,50.0,0.0,3.16
Gemma 27B,⊕⊖,9,only_token,A100,60,51,50,50.0,100.0,50.0,0.0,5.64
Gemma 27B,⊕⊖,9,only_token,A100,90,51,50,50.0,100.0,50.0,0.0,6.72
Gemma 27B,⊕⊖,9,only_token,A100,120,51,50,50.0,100.0,50.0,0.0,8.32
Gemma 27B,⊕⊖,9,only_token,A100,30,55,50,50.0,100.0,50.0,0.0,2.64
Gemma 27B,⊕⊖,9,only_token,A100,60,55,50,50.0,100.0,50.0,0.0,4.28
Gemma 27B,⊕⊖,9,only_token,A100,90,55,50,50.0,100.0,50.0,0.0,4.64
Gemma 27B,⊕⊖,9,only_token,A100,120,55,50,50.0,100.0,50.0,0.0,6.68
Gemma 27B,⊕⊖,9,only_token,A100,30,60,50,50.0,100.0,50.0,0.0,2.44
Gemma 27B,⊕⊖,9,only_token,A100,60,60,50,50.0,100.0,50.0,0.0,2.96
Gemma 27B,⊕⊖,9,only_token,A100,90,60,50,50.0,100.0,50.0,0.0,3.48
Gemma 27B,⊕⊖,9,only_token,A100,120,60,50,50.0,100.0,50.0,0.0,5.04
Gemma 27B,⊕⊖,9,only_token,A100,30,65,50,50.0,100.0,50.0,0.0,1.6
Gemma 27B,⊕⊖,9,only_token,A100,60,65,50,50.0,100.0,50.0,0.0,2.16
Gemma 27B,⊕⊖,9,only_token,A100,90,65,50,50.0,100.0,50.0,0.0,2.48
Gemma 27B,⊕⊖,9,only_token,A100,120,65,50,50.0,100.0,50.0,0.0,3.12
Gemma 27B,⊕⊖,9,only_token,A100,30,70,50,52.0,100.0,48.0,0.0,1.4230769230769231
Gemma 27B,⊕⊖,9,only_token,A100,60,70,50,50.0,100.0,50.0,0.0,1.6
Gemma 27B,⊕⊖,9,only_token,A100,90,70,50,50.0,100.0,50.0,0.0,2.16
Gemma 27B,⊕⊖,9,only_token,A100,120,70,50,50.0,100.0,50.0,0.0,2.08
Gemma 27B,⊕⊖,11,com_cot,A100,30,51,50,66.0,100.0,34.0,0.0,11.333333333333334
Gemma 27B,⊕⊖,11,com_cot,A100,60,51,50,50.0,100.0,50.0,0.0,27.96
Gemma 27B,⊕⊖,11,com_cot,A100,90,51,50,50.0,100.0,50.0,0.0,35.76
Gemma 27B,⊕⊖,11,com_cot,A100,120,51,50,50.0,100.0,50.0,0.0,41.52
Gemma 27B,⊕⊖,11,com_cot,A100,30,55,50,80.0,100.0,20.0,0.0,8.95
Gemma 27B,⊕⊖,11,com_cot,A100,60,55,50,56.00000000000001,100.0,44.0,0.0,18.535714285714285
Gemma 27B,⊕⊖,11,com_cot,A100,90,55,50,52.0,100.0,48.0,0.0,25.53846153846154
Gemma 27B,⊕⊖,11,com_cot,A100,120,55,50,50.0,100.0,50.0,0.0,31.72
Gemma 27B,⊕⊖,11,com_cot,A100,30,60,50,92.0,100.0,8.0,0.0,5.630434782608695
Gemma 27B,⊕⊖,11,com_cot,A100,60,60,50,80.0,100.0,20.0,0.0,9.975
Gemma 27B,⊕⊖,11,com_cot,A100,90,60,50,62.0,100.0,38.0,0.0,15.064516129032258
Gemma 27B,⊕⊖,11,com_cot,A100,120,60,50,52.0,100.0,48.0,0.0,19.576923076923077
Gemma 27B,⊕⊖,11,com_cot,A100,30,65,50,100.0,100.0,0.0,0.0,2.52
Gemma 27B,⊕⊖,11,com_cot,A100,60,65,50,90.0,100.0,10.0,0.0,6.2
Gemma 27B,⊕⊖,11,com_cot,A100,90,65,50,92.0,100.0,8.0,0.0,6.239130434782608
Gemma 27B,⊕⊖,11,com_cot,A100,120,65,50,84.0,100.0,16.0,0.0,9.333333333333334
Gemma 27B,⊕⊖,11,com_cot,A100,30,70,50,100.0,100.0,0.0,0.0,1.84
Gemma 27B,⊕⊖,11,com_cot,A100,60,70,50,96.0,100.0,4.0,0.0,3.6458333333333335
Gemma 27B,⊕⊖,11,com_cot,A100,90,70,50,96.0,100.0,4.0,0.0,4.0625
Gemma 27B,⊕⊖,11,com_cot,A100,120,70,50,96.0,100.0,4.0,0.0,5.75
Gemma 27B,⊕⊖,11,only_token,A100,30,51,50,50.0,100.0,50.0,0.0,3.16
Gemma 27B,⊕⊖,11,only_token,A100,60,51,50,50.0,100.0,50.0,0.0,5.8
Gemma 27B,⊕⊖,11,only_token,A100,90,51,50,50.0,100.0,50.0,0.0,7.76
Gemma 27B,⊕⊖,11,only_token,A100,120,51,50,50.0,100.0,50.0,0.0,9.68
Gemma 27B,⊕⊖,11,only_token,A100,30,55,50,50.0,100.0,50.0,0.0,2.48
Gemma 27B,⊕⊖,11,only_token,A100,60,55,50,50.0,100.0,50.0,0.0,4.2
Gemma 27B,⊕⊖,11,only_token,A100,90,55,50,50.0,100.0,50.0,0.0,5.12
Gemma 27B,⊕⊖,11,only_token,A100,120,55,50,50.0,100.0,50.0,0.0,7.72
Gemma 27B,⊕⊖,11,only_token,A100,30,60,50,50.0,100.0,50.0,0.0,2.36
Gemma 27B,⊕⊖,11,only_token,A100,60,60,50,50.0,100.0,50.0,0.0,3.04
Gemma 27B,⊕⊖,11,only_token,A100,90,60,50,50.0,100.0,50.0,0.0,3.44
Gemma 27B,⊕⊖,11,only_token,A100,120,60,50,50.0,100.0,50.0,0.0,5.2
Gemma 27B,⊕⊖,11,only_token,A100,30,65,50,54.0,98.0,44.0,2.0,1.9259259259259258
Gemma 27B,⊕⊖,11,only_token,A100,60,65,50,50.0,100.0,50.0,0.0,2.16
Gemma 27B,⊕⊖,11,only_token,A100,90,65,50,50.0,100.0,50.0,0.0,2.32
Gemma 27B,⊕⊖,11,only_token,A100,120,65,50,50.0,100.0,50.0,0.0,2.96
Gemma 27B,⊕⊖,11,only_token,A100,30,70,50,64.0,98.0,34.0,2.0,2.0
Gemma 27B,⊕⊖,11,only_token,A100,60,70,50,50.0,100.0,50.0,0.0,1.6
Gemma 27B,⊕⊖,11,only_token,A100,90,70,50,50.0,100.0,50.0,0.0,1.96
Gemma 27B,⊕⊖,11,only_token,A100,120,70,50,50.0,100.0,50.0,0.0,2.36
Gemma 27B,△○,7,com_cot,A100,30,51,50,0.0,0.0,0.0,100.0,
Gemma 27B,△○,7,com_cot,A100,60,51,50,0.0,0.0,0.0,100.0,
Gemma 27B,△○,7,com_cot,A100,90,51,50,0.0,0.0,0.0,100.0,
Gemma 27B,△○,7,com_cot,A100,120,51,50,0.0,0.0,0.0,100.0,
Gemma 27B,△○,7,com_cot,A100,30,55,50,2.0,2.0,0.0,98.0,3.0
Gemma 27B,△○,7,com_cot,A100,60,55,50,0.0,0.0,0.0,100.0,
Gemma 27B,△○,7,com_cot,A100,90,55,50,0.0,0.0,0.0,100.0,
Gemma 27B,△○,7,com_cot,A100,120,55,50,0.0,0.0,0.0,100.0,
Gemma 27B,△○,7,com_cot,A100,30,60,50,12.0,12.0,0.0,88.0,2.6666666666666665
Gemma 27B,△○,7,com_cot,A100,60,60,50,0.0,0.0,0.0,100.0,
Gemma 27B,△○,7,com_cot,A100,90,60,50,0.0,0.0,0.0,100.0,
Gemma 27B,△○,7,com_cot,A100,120,60,50,0.0,0.0,0.0,100.0,
Gemma 27B,△○,7,com_cot,A100,30,65,50,44.0,44.0,0.0,56.00000000000001,2.090909090909091
Gemma 27B,△○,7,com_cot,A100,60,65,50,16.0,16.0,0.0,84.0,2.625
Gemma 27B,△○,7,com_cot,A100,90,65,50,6.0,6.0,0.0,94.0,2.3333333333333335
Gemma 27B,△○,7,com_cot,A100,120,65,50,0.0,0.0,0.0,100.0,
Gemma 27B,△○,7,com_cot,A100,30,70,50,64.0,64.0,0.0,36.0,1.75
Gemma 27B,△○,7,com_cot,A100,60,70,50,46.0,46.0,0.0,54.0,2.3043478260869565
Gemma 27B,△○,7,com_cot,A100,90,70,50,20.0,20.0,0.0,80.0,2.1
Gemma 27B,△○,7,com_cot,A100,120,70,50,2.0,2.0,0.0,98.0,4.0
Gemma 27B,△○,7,only_token,A100,30,51,50,8.0,8.0,0.0,92.0,2.75
Gemma 27B,△○,7,only_token,A100,60,51,50,0.0,0.0,0.0,100.0,
Gemma 27B,△○,7,only_token,A100,90,51,50,0.0,0.0,0.0,100.0,
Gemma 27B,△○,7,only_token,A100,120,51,50,0.0,0.0,0.0,100.0,
Gemma 27B,△○,7,only_token,A100,30,55,50,10.0,10.0,0.0,90.0,2.2
Gemma 27B,△○,7,only_token,A100,60,55,50,2.0,2.0,0.0,98.0,2.0
Gemma 27B,△○,7,only_token,A100,90,55,50,0.0,0.0,0.0,100.0,
Gemma 27B,△○,7,only_token,A100,120,55,50,0.0,0.0,0.0,100.0,
Gemma 27B,△○,7,only_token,A100,30,60,50,14.000000000000002,14.000000000000002,0.0,86.0,1.8571428571428572
Gemma 27B,△○,7,only_token,A100,60,60,50,8.0,8.0,0.0,92.0,2.5
Gemma 27B,△○,7,only_token,A100,90,60,50,2.0,2.0,0.0,98.0,3.0
Gemma 27B,△○,7,only_token,A100,120,60,50,0.0,0.0,0.0,100.0,
Gemma 27B,△○,7,only_token,A100,30,65,50,32.0,32.0,0.0,68.0,2.0
Gemma 27B,△○,7,only_token,A100,60,65,50,22.0,22.0,0.0,78.0,2.0
Gemma 27B,△○,7,only_token,A100,90,65,50,12.0,12.0,0.0,88.0,2.0
Gemma 27B,△○,7,only_token,A100,120,65,50,4.0,4.0,0.0,96.0,2.5
Gemma 27B,△○,7,only_token,A100,30,70,50,46.0,46.0,0.0,54.0,1.826086956521739
Gemma 27B,△○,7,only_token,A100,60,70,50,30.0,30.0,0.0,70.0,1.8666666666666667
Gemma 27B,△○,7,only_token,A100,90,70,50,26.0,26.0,0.0,74.0,2.1538461538461537
Gemma 27B,△○,7,only_token,A100,120,70,50,12.0,12.0,0.0,88.0,2.0
Gemma 27B,△○,9,com_cot,A100,30,51,50,0.0,0.0,0.0,100.0,
Gemma 27B,△○,9,com_cot,A100,60,51,50,0.0,0.0,0.0,100.0,
Gemma 27B,△○,9,com_cot,A100,90,51,50,0.0,0.0,0.0,100.0,
Gemma 27B,△○,9,com_cot,A100,120,51,50,0.0,0.0,0.0,100.0,
Gemma 27B,△○,9,com_cot,A100,30,55,50,6.0,6.0,0.0,94.0,2.0
Gemma 27B,△○,9,com_cot,A100,60,55,50,2.0,2.0,0.0,98.0,3.0
Gemma 27B,△○,9,com_cot,A100,90,55,50,0.0,0.0,0.0,100.0,
Gemma 27B,△○,9,com_cot,A100,120,55,50,0.0,0.0,0.0,100.0,
Gemma 27B,△○,9,com_cot,A100,30,60,50,26.0,26.0,0.0,74.0,2.3076923076923075
Gemma 27B,△○,9,com_cot,A100,60,60,50,6.0,6.0,0.0,94.0,3.0
Gemma 27B,△○,9,com_cot,A100,90,60,50,0.0,0.0,0.0,100.0,
Gemma 27B,△○,9,com_cot,A100,120,60,50,0.0,0.0,0.0,100.0,
Gemma 27B,△○,9,com_cot,A100,30,65,50,74.0,74.0,0.0,26.0,1.864864864864865
Gemma 27B,△○,9,com_cot,A100,60,65,50,38.0,38.0,0.0,62.0,2.263157894736842
Gemma 27B,△○,9,com_cot,A100,90,65,50,18.0,18.0,0.0,82.0,2.5555555555555554
Gemma 27B,△○,9,com_cot,A100,120,65,50,4.0,4.0,0.0,96.0,3.0
Gemma 27B,△○,9,com_cot,A100,30,70,50,88.0,88.0,0.0,12.0,1.5909090909090908
Gemma 27B,△○,9,com_cot,A100,60,70,50,64.0,64.0,0.0,36.0,2.03125
Gemma 27B,△○,9,com_cot,A100,90,70,50,48.0,48.0,0.0,52.0,2.2916666666666665
Gemma 27B,△○,9,com_cot,A100,120,70,50,36.0,36.0,0.0,64.0,2.5
Gemma 27B,△○,9,only_token,A100,30,51,50,50.0,100.0,50.0,0.0,4.88
Gemma 27B,△○,9,only_token,A100,60,51,50,50.0,100.0,50.0,0.0,9.16
Gemma 27B,△○,9,only_token,A100,90,51,50,50.0,100.0,50.0,0.0,11.24
Gemma 27B,△○,9,only_token,A100,120,51,50,50.0,100.0,50.0,0.0,13.88
Gemma 27B,△○,9,only_token,A100,30,55,50,50.0,100.0,50.0,0.0,3.76
Gemma 27B,△○,9,only_token,A100,60,55,50,50.0,100.0,50.0,0.0,6.8
Gemma 27B,△○,9,only_token,A100,90,55,50,50.0,100.0,50.0,0.0,8.0
Gemma 27B,△○,9,only_token,A100,120,55,50,50.0,100.0,50.0,0.0,10.52
Gemma 27B,△○,9,only_token,A100,30,60,50,50.0,100.0,50.0,0.0,3.24
Gemma 27B,△○,9,only_token,A100,60,60,50,50.0,100.0,50.0,0.0,4.04
Gemma 27B,△○,9,only_token,A100,90,60,50,50.0,100.0,50.0,0.0,5.4
Gemma 27B,△○,9,only_token,A100,120,60,50,50.0,100.0,50.0,0.0,7.64
Gemma 27B,△○,9,only_token,A100,30,65,50,54.0,92.0,38.0,8.0,2.111111111111111
Gemma 27B,△○,9,only_token,A100,60,65,50,50.0,100.0,50.0,0.0,2.76
Gemma 27B,△○,9,only_token,A100,90,65,50,50.0,100.0,50.0,0.0,3.52
Gemma 27B,△○,9,only_token,A100,120,65,50,50.0,100.0,50.0,0.0,4.8
Gemma 27B,△○,9,only_token,A100,30,70,50,57.99999999999999,88.0,30.0,12.0,1.7586206896551724
Gemma 27B,△○,9,only_token,A100,60,70,50,50.0,96.0,46.0,4.0,2.08
Gemma 27B,△○,9,only_token,A100,90,70,50,50.0,98.0,48.0,2.0,2.72
Gemma 27B,△○,9,only_token,A100,120,70,50,50.0,100.0,50.0,0.0,3.12
Gemma 27B,△○,11,com_cot,A100,30,51,50,14.000000000000002,14.000000000000002,0.0,86.0,3.7142857142857144
Gemma 27B,△○,11,com_cot,A100,60,51,50,0.0,0.0,0.0,100.0,
Gemma 27B,△○,11,com_cot,A100,90,51,50,0.0,0.0,0.0,100.0,
Gemma 27B,△○,11,com_cot,A100,120,51,50,0.0,0.0,0.0,100.0,
Gemma 27B,△○,11,com_cot,A100,30,55,50,28.000000000000004,28.000000000000004,0.0,72.0,3.0
Gemma 27B,△○,11,com_cot,A100,60,55,50,4.0,4.0,0.0,96.0,3.5
Gemma 27B,△○,11,com_cot,A100,90,55,50,2.0,2.0,0.0,98.0,3.0
Gemma 27B,△○,11,com_cot,A100,120,55,50,0.0,0.0,0.0,100.0,
Gemma 27B,△○,11,com_cot,A100,30,60,50,56.00000000000001,56.00000000000001,0.0,44.0,2.642857142857143
Gemma 27B,△○,11,com_cot,A100,60,60,50,26.0,26.0,0.0,74.0,2.6923076923076925
Gemma 27B,△○,11,com_cot,A100,90,60,50,10.0,10.0,0.0,90.0,3.2
Gemma 27B,△○,11,com_cot,A100,120,60,50,0.0,0.0,0.0,100.0,
Gemma 27B,△○,11,com_cot,A100,30,65,50,92.0,92.0,0.0,8.0,1.826086956521739
Gemma 27B,△○,11,com_cot,A100,60,65,50,52.0,52.0,0.0,48.0,2.3461538461538463
Gemma 27B,△○,11,com_cot,A100,90,65,50,42.0,42.0,0.0,57.99999999999999,2.5238095238095237
Gemma 27B,△○,11,com_cot,A100,120,65,50,20.0,20.0,0.0,80.0,3.0
Gemma 27B,△○,11,com_cot,A100,30,70,50,100.0,100.0,0.0,0.0,1.56
Gemma 27B,△○,11,com_cot,A100,60,70,50,80.0,80.0,0.0,20.0,1.975
Gemma 27B,△○,11,com_cot,A100,90,70,50,72.0,72.0,0.0,28.000000000000004,2.388888888888889
Gemma 27B,△○,11,com_cot,A100,120,70,50,64.0,64.0,0.0,36.0,2.4375
Gemma 27B,△○,11,only_token,A100,30,51,50,50.0,100.0,50.0,0.0,3.72
Gemma 27B,△○,11,only_token,A100,60,51,50,50.0,100.0,50.0,0.0,7.08
Gemma 27B,△○,11,only_token,A100,90,51,50,50.0,100.0,50.0,0.0,9.36
Gemma 27B,△○,11,only_token,A100,120,51,50,50.0,100.0,50.0,0.0,11.44
Gemma 27B,△○,11,only_token,A100,30,55,50,50.0,100.0,50.0,0.0,2.76
Gemma 27B,△○,11,only_token,A100,60,55,50,50.0,100.0,50.0,0.0,4.8
Gemma 27B,△○,11,only_token,A100,90,55,50,50.0,100.0,50.0,0.0,5.96
Gemma 27B,△○,11,only_token,A100,120,55,50,50.0,100.0,50.0,0.0,8.72
Gemma 27B,△○,11,only_token,A100,30,60,50,50.0,100.0,50.0,0.0,2.52
Gemma 27B,△○,11,only_token,A100,60,60,50,50.0,100.0,50.0,0.0,3.16
Gemma 27B,△○,11,only_token,A100,90,60,50,50.0,100.0,50.0,0.0,3.88
Gemma 27B,△○,11,only_token,A100,120,60,50,50.0,100.0,50.0,0.0,5.84
Gemma 27B,△○,11,only_token,A100,30,65,50,54.0,90.0,36.0,10.0,1.9259259259259258
Gemma 27B,△○,11,only_token,A100,60,65,50,50.0,100.0,50.0,0.0,2.32
Gemma 27B,△○,11,only_token,A100,90,65,50,50.0,100.0,50.0,0.0,2.76
Gemma 27B,△○,11,only_token,A100,120,65,50,50.0,100.0,50.0,0.0,3.4
Gemma 27B,△○,11,only_token,A100,30,70,50,62.0,88.0,26.0,12.0,1.8387096774193548
Gemma 27B,△○,11,only_token,A100,60,70,50,50.0,92.0,42.0,8.0,1.8
Gemma 27B,△○,11,only_token,A100,90,70,50,50.0,92.0,42.0,8.0,2.28
Gemma 27B,△○,11,only_token,A100,120,70,50,50.0,100.0,50.0,0.0,2.56
